time_s,delta_front_equivalent_deg,carsim_yaw_rate_deg_s,carsim_lateral_accel_g
0.0,0.03420761877311812,-0.1545595054095827,-0.0038419319429198683
0.01,0.03420761877311812,-0.1545595054095827,-0.0038419319429198683
0.02,0.03420761877311812,-0.1545595054095827,-0.0038419319429198683
0.03,0.03420761877311812,-0.1545595054095827,-0.0038419319429198683
0.04,0.025128500744583747,-0.1545595054095827,-0.0038419319429198683
0.05,0.006822876407831017,-0.1545595054095827,-0.0038419319429198683
0.06,0.01327848305799019,-0.1545595054095827,-0.0038419319429198683
0.07,-0.003287959578491359,-0.1545595054095827,-0.0038419319429198683
0.08,-0.007296920785896138,-0.1545595054095827,-0.0038419319429198683
0.09,-0.007296920785896138,-0.1545595054095827,-0.0038419319429198683
0.1,-0.007296920785896138,-0.1545595054095827,-0.0038419319429198683
0.11,-0.007296920785896138,-0.1545595054095827,-0.0038419319429198683
0.12,-0.007296920785896138,-0.1545595054095827,-0.0038419319429198683
0.13,-0.007296920785896138,-0.1545595054095827,-0.0038419319429198683
0.14,-0.007296920785896138,-0.1545595054095827,-0.0038419319429198683
0.15,-0.007296920785896138,-0.1545595054095827,-0.003628629877257759
0.16,-0.007296920785896138,-0.1545595054095827,-0.003293084522502744
0.17,-0.007296920785896138,-0.1545595054095827,-0.003293084522502744
0.18,-0.007296920785896138,-0.1545595054095827,-0.003293084522502744
0.19,-0.007296920785896138,-0.1545595054095827,-0.003293084522502744
0.2,-0.007296920785896138,-0.1545595054095827,-0.003293084522502744
0.21,-0.007296920785896138,-0.1545595054095827,-0.003293084522502744
0.22,-0.007296920785896138,-0.1545595054095827,-0.003293084522502744
0.23,-0.007296920785896138,-0.1545595054095827,-0.003293084522502744
0.24,-0.007296920785896138,-0.1545595054095827,-0.003293084522502744
0.25,-0.007296920785896138,-0.1545595054095827,-0.003293084522502744
0.26,-0.007296920785896138,-0.1545595054095827,-0.003293084522502744
0.27,-0.007296920785896138,-0.1545595054095827,-0.003293084522502744
0.28,-0.007296920785896138,-0.1545595054095827,-0.003293084522502744
0.29,-0.007296920785896138,-0.1545595054095827,-0.003293084522502744
0.3,-0.007296920785896138,-0.1545595054095827,-0.0037196886538269636
0.31,-0.007296920785896138,-0.1545595054095827,-0.0038419319429198683
0.32,-0.007296920785896138,-0.1545595054095827,-0.0038419319429198683
0.33,-0.007296920785896138,-0.1545595054095827,-0.0038419319429198683
0.34,-0.007296920785896138,-0.1545595054095827,-0.0038419319429198683
0.35000000000000003,-0.007296920785896138,-0.1545595054095827,-0.0038419319429198683
0.36,-0.007296920785896138,-0.1545595054095827,-0.0038419319429198683
0.37,-0.007296920785896138,-0.1545595054095827,-0.0038419319429198683
0.38,-0.007296920785896138,-0.1545595054095827,-0.0038419319429198683
0.39,-0.007296920785896138,-0.1545595054095827,-0.0038419319429198683
0.4,-0.007296920785896138,-0.1545595054095827,-0.0038419319429198683
0.41000000000000003,-0.007296920785896138,-0.1545595054095827,-0.0038419319429198683
0.42,-0.007296920785896138,-0.1545595054095827,-0.0038419319429198683
0.43,-0.007296920785896138,-0.1545595054095827,-0.0038419319429198683
0.44,-0.007296920785896138,-0.1545595054095827,-0.0038419319429198683
0.45,-0.007296920785896138,-0.1545595054095827,-0.0038419319429198683
0.46,-0.007296920785896138,-0.1545595054095827,-0.0038419319429198683
0.47000000000000003,-0.007296920785896138,-0.1545595054095827,-0.0038419319429198683
0.48,-0.007296920785896138,-0.1545595054095827,-0.0038419319429198683
0.49,-0.007296920785896138,-0.1545595054095827,-0.0038419319429198683
0.5,-0.007296920785896138,-0.1545595054095827,-0.0038419319429198683
0.51,-0.007296920785896138,-0.1545595054095827,-0.0038419319429198683
0.52,-0.007296920785896138,-0.1545595054095827,-0.0038419319429198683
0.53,-0.007296920785896138,-0.1545595054095827,-0.0038419319429198683
0.54,-0.007296920785896138,-0.1545595054095827,-0.0038419319429198683
0.55,-0.007296920785896138,-0.1545595054095827,-0.0038419319429198683
0.56,-0.007296920785896138,-0.1545595054095827,-0.0038419319429198683
0.5700000000000001,-0.007296920785896138,-0.1545595054095827,-0.0038419319429198683
0.58,-0.007296920785896138,-0.1545595054095827,-0.0038419319429198683
0.59,-0.007296920785896138,-0.1545595054095827,-0.0038419319429198683
0.6,-0.007296920785896138,-0.1545595054095827,-0.0038419319429198683
0.61,-0.007296920785896138,-0.1545595054095827,-0.0038419319429198683
0.62,-0.003936468009100977,-0.1545595054095827,-0.0038419319429198683
0.63,0.002519138641058223,-0.1545595054095827,-0.0038419319429198683
0.64,0.008267281548734212,-0.1545595054095827,-0.0038419319429198683
0.65,0.008267281548734212,-0.1545595054095827,-0.0038419319429198683
0.66,0.008267281548734212,-0.1545595054095827,-0.0038419319429198683
0.67,0.008267281548734212,-0.1545595054095827,-0.0038419319429198683
0.68,0.008267281548734212,-0.1545595054095827,-0.0038419319429198683
0.6900000000000001,0.008267281548734212,-0.1545595054095827,-0.0038419319429198683
0.7000000000000001,0.008267281548734212,-0.1545595054095827,-0.0038419319429198683
0.71,0.008267281548734212,-0.1545595054095827,-0.0038419319429198683
0.72,0.0026075716088686174,-0.1545595054095827,-0.0038419319429198683
0.73,0.007707206085935033,-0.1545595054095827,-0.0038419319429198683
0.74,0.0054374265788014135,-0.1545595054095827,-0.0038419319429198683
0.75,-0.006176769860297738,-0.1545595054095827,-0.0038419319429198683
0.76,-0.0021088533410193594,-0.1545595054095827,-0.0038419319429198683
0.77,-0.0021088533410193594,-0.1545595054095827,-0.0038419319429198683
0.78,-0.0021088533410193594,-0.1545595054095827,-0.0038419319429198683
0.79,-0.0021088533410193594,-0.1545595054095827,-0.0038419319429198683
0.8,-0.0021088533410193594,-0.1545595054095827,-0.0038419319429198683
0.81,-0.0021088533410193594,-0.1545595054095827,-0.0038419319429198683
0.8200000000000001,-0.0021088533410193594,-0.1545595054095827,-0.0038419319429198683
0.8300000000000001,-0.0021088533410193594,-0.1545595054095827,-0.0038419319429198683
0.84,-0.0021088533410193594,-0.1545595054095827,-0.0038419319429198683
0.85,-0.0021088533410193594,-0.1545595054095827,-0.0038419319429198683
0.86,-0.0021088533410193594,-0.1545595054095827,-0.0038419319429198683
0.87,-0.0021088533410193594,-0.1545595054095827,-0.0038419319429198683
0.88,-0.0021088533410193594,-0.1545595054095827,-0.0038419319429198683
0.89,-0.0021088533410193594,-0.1545595054095827,-0.0038419319429198683
0.9,-0.0021088533410193594,-0.1545595054095827,-0.0038419319429198683
0.91,-0.0021088533410193594,-0.1545595054095827,-0.0038419319429198683
0.92,-0.0021088533410193594,-0.1545595054095827,-0.0038419319429198683
0.93,-0.0021088533410193594,-0.1545595054095827,-0.0038419319429198683
0.9400000000000001,-0.0021088533410193594,-0.1545595054095827,-0.0038419319429198683
0.9500000000000001,-0.0021088533410193594,-0.1545595054095827,-0.0038419319429198683
0.96,-0.0021088533410193594,-0.1545595054095827,-0.0038419319429198683
0.97,-0.0021088533410193594,-0.1545595054095827,-0.0038419319429198683
0.98,-0.0021088533410193594,-0.1545595054095827,-0.0038419319429198683
0.99,-0.0021088533410193594,-0.1545595054095827,-0.0038419319429198683
1.0,-0.0021088533410193594,-0.1545595054095827,-0.0038419319429198683
1.01,-0.0021088533410193594,-0.1545595054095827,-0.0038419319429198683
1.02,-0.0021088533410193594,-0.1545595054095827,-0.0038419319429198683
1.03,-0.0021088533410193594,-0.1545595054095827,-0.0038419319429198683
1.04,-0.0021088533410193594,-0.1545595054095827,-0.0038419319429198683
1.05,-0.0021088533410193594,-0.1545595054095827,-0.0038419319429198683
1.06,-0.0021088533410193594,-0.1545595054095827,-0.0038419319429198683
1.07,-0.0021088533410193594,-0.1545595054095827,-0.0038419319429198683
1.08,-0.0021088533410193594,-0.1545595054095827,-0.0038419319429198683
1.09,-0.0021088533410193594,-0.1545595054095827,-0.0038419319429198683
1.1,-0.0021088533410193594,-0.1545595054095827,-0.0038419319429198683
1.11,-0.0021088533410193594,-0.1545595054095827,-0.0038419319429198683
1.12,-0.0021088533410193594,-0.1545595054095827,-0.0038419319429198683
1.1300000000000001,-0.0021088533410193594,-0.1545595054095827,-0.0038419319429198683
1.1400000000000001,-0.0021088533410193594,-0.1545595054095827,-0.0038419319429198683
1.1500000000000001,-0.0021088533410193594,-0.1545595054095827,-0.0038419319429198683
1.16,-0.0021088533410193594,-0.1545595054095827,-0.0038419319429198683
1.17,-0.0021088533410193594,-0.1545595054095827,-0.0038419319429198683
1.18,-0.0021088533410193594,-0.1545595054095827,-0.0038419319429198683
1.19,-0.0021088533410193594,-0.1545595054095827,-0.0038419319429198683
1.2,-0.0021088533410193594,-0.1545595054095827,-0.0038419319429198683
1.21,-0.0021088533410193594,-0.1545595054095827,-0.0038419319429198683
1.22,-0.0021088533410193594,-0.1545595054095827,-0.0038419319429198683
1.23,-0.0021088533410193594,-0.1545595054095827,-0.0038419319429198683
1.24,-0.0021088533410193594,-0.1545595054095827,-0.0038419319429198683
1.25,-0.0021088533410193594,-0.1545595054095827,-0.0038419319429198683
1.26,-0.0021088533410193594,-0.1545595054095827,-0.0038419319429198683
1.27,-0.0021088533410193594,-0.1545595054095827,-0.0038419319429198683
1.28,-0.0021088533410193594,-0.1545595054095827,-0.0038419319429198683
1.29,-0.0020204203732089843,-0.1545595054095827,-0.0038419319429198683
1.3,0.004435186276950275,-0.1545595054095827,-0.0038419319429198683
1.31,0.010890792927109438,-0.1545595054095827,-0.0038419319429198683
1.32,0.013455348993610991,-0.1545595054095827,-0.0038419319429198683
1.33,0.013455348993610991,-0.1545595054095827,-0.0038419319429198683
1.34,0.013455348993610991,-0.1545595054095827,-0.0038419319429198683
1.35,0.013455348993610991,-0.1545595054095827,-0.0038419319429198683
1.36,0.013455348993610991,-0.1545595054095827,-0.0038419319429198683
1.37,0.013455348993610991,-0.1545595054095827,-0.0038419319429198683
1.3800000000000001,0.013455348993610991,-0.1545595054095827,-0.0038419319429198683
1.3900000000000001,0.011067658862730142,-0.1545595054095827,-0.0038419319429198683
1.4000000000000001,0.0067344434400207496,-0.1545595054095827,-0.0038419319429198683
1.41,0.013190050090179865,-0.1545595054095827,-0.0038419319429198683
1.42,0.0010747335001551808,-0.1545595054095827,-0.0038419319429198683
1.43,-0.0021088533410193594,-0.1545595054095827,-0.0038419319429198683
1.44,-0.0021088533410193594,-0.1545595054095827,-0.0038419319429198683
1.45,-0.0021088533410193594,-0.1545595054095827,-0.0038419319429198683
1.46,-0.0021088533410193594,-0.1545595054095827,-0.0038419319429198683
1.47,-0.0021088533410193594,-0.1545595054095827,-0.0038419319429198683
1.48,-0.0021088533410193594,-0.1545595054095827,-0.0038419319429198683
1.49,-0.0021088533410193594,-0.1545595054095827,-0.0038419319429198683
1.5,-0.0021088533410193594,-0.1545595054095827,-0.0038419319429198683
1.51,-0.0021088533410193594,-0.1545595054095827,-0.0038419319429198683
1.52,-0.0021088533410193594,-0.1545595054095827,-0.0038419319429198683
1.53,-0.0021088533410193594,-0.1545595054095827,-0.0038419319429198683
1.54,-0.0021088533410193594,-0.1545595054095827,-0.0038419319429198683
1.55,-0.0021088533410193594,-0.1545595054095827,-0.0038419319429198683
1.56,-0.0021088533410193594,-0.1545595054095827,-0.0038419319429198683
1.57,-0.0021088533410193594,-0.1545595054095827,-0.0038419319429198683
1.58,-0.0021088533410193594,-0.1545595054095827,-0.0038419319429198683
1.59,-0.0021088533410193594,-0.1545595054095827,-0.0038419319429198683
1.6,-0.0021088533410193594,-0.1545595054095827,-0.0038419319429198683
1.61,-0.0021088533410193594,-0.1545595054095827,-0.0038419319429198683
1.62,-0.0021088533410193594,-0.1545595054095827,-0.0038419319429198683
1.6300000000000001,-0.0021088533410193594,-0.1545595054095827,-0.0038419319429198683
1.6400000000000001,-0.0021088533410193594,-0.1545595054095827,-0.0038419319429198683
1.6500000000000001,-0.0021088533410193594,-0.1545595054095827,-0.0038419319429198683
1.6600000000000001,-0.0021088533410193594,-0.1545595054095827,-0.0038419319429198683
1.67,-0.0021088533410193594,-0.1545595054095827,-0.0038419319429198683
1.68,-0.0021088533410193594,-0.1545595054095827,-0.0038419319429198683
1.69,-0.0021088533410193594,-0.1545595054095827,-0.0038419319429198683
1.7,-0.0021088533410193594,-0.1545595054095827,-0.0038419319429198683
1.71,-0.0021088533410193594,-0.1545595054095827,-0.0038419319429198683
1.72,-0.0021088533410193594,-0.1545595054095827,-0.0038419319429198683
1.73,-0.0021088533410193594,-0.1545595054095827,-0.0038419319429198683
1.74,-0.0021088533410193594,-0.1545595054095827,-0.0038419319429198683
1.75,-0.0021088533410193594,-0.1545595054095827,-0.0038419319429198683
1.76,-0.0021088533410193594,-0.1545595054095827,-0.0038419319429198683
1.77,-0.0021088533410193594,-0.1545595054095827,-0.0038419319429198683
1.78,-0.0021088533410193594,-0.1545595054095827,-0.0038419319429198683
1.79,-0.0021088533410193594,-0.1545595054095827,-0.0038419319429198683
1.8,-0.0021088533410193594,-0.1545595054095827,-0.0038419319429198683
1.81,-0.0021088533410193594,-0.1545595054095827,-0.0038419319429198683
1.82,-0.0021088533410193594,-0.1545595054095827,-0.0038419319429198683
1.83,-0.0021088533410193594,-0.1545595054095827,-0.0038419319429198683
1.84,-0.0021088533410193594,-0.1545595054095827,-0.0038419319429198683
1.85,-0.0021088533410193594,-0.1545595054095827,-0.0038419319429198683
1.86,-0.0021088533410193594,-0.1545595054095827,-0.0038419319429198683
1.87,-0.0021088533410193594,-0.1545595054095827,-0.0038419319429198683
1.8800000000000001,-0.0021088533410193594,-0.1545595054095827,-0.0038419319429198683
1.8900000000000001,-0.0021088533410193594,-0.1545595054095827,-0.0038419319429198683
1.9000000000000001,-0.0021088533410193594,-0.1545595054095827,-0.0038419319429198683
1.9100000000000001,-0.0021088533410193594,-0.1545595054095827,-0.0038419319429198683
1.92,-0.0021088533410193594,-0.1545595054095827,-0.0038419319429198683
1.93,-0.0021088533410193594,-0.1545595054095827,-0.0038419319429198683
1.94,-0.0021088533410193594,-0.1545595054095827,-0.0038419319429198683
1.95,-0.0021088533410193594,-0.1545595054095827,-0.0038419319429198683
1.96,-0.0021088533410193594,-0.1545595054095827,-0.0038419319429198683
1.97,0.0011631664679654695,-0.1545595054095827,-0.0038419319429198683
1.98,0.00761877311812461,-0.1545595054095827,-0.0038419319429198683
1.99,0.013455348993610991,-0.1545595054095827,-0.0038419319429198683
2.0,0.013455348993610991,-0.1545595054095827,-0.0038419319429198683
2.0100000000000002,0.013455348993610991,-0.1545595054095827,-0.0038419319429198683
2.02,0.013455348993610991,-0.1545595054095827,-0.0038419319429198683
2.0300000000000002,0.013455348993610991,-0.1545595054095827,-0.0038419319429198683
2.04,0.013455348993610991,-0.1545595054095827,-0.0038419319429198683
2.05,0.013455348993610991,-0.1545595054095827,-0.0038419319429198683
2.06,0.013455348993610991,-0.1545595054095827,-0.0038419319429198683
2.07,0.007884072021555812,-0.1545595054095827,-0.0038419319429198683
2.08,0.009918030281195029,-0.1545595054095827,-0.0038419319429198683
2.09,0.007618773118124968,-0.1545595054095827,-0.0038419319429198683
2.1,-0.0021088533410193594,-0.1545595054095827,-0.0038419319429198683
2.11,-0.0021088533410193594,-0.1545595054095827,-0.0038419319429198683
2.12,-0.0021088533410193594,-0.1545595054095827,-0.0038419319429198683
2.13,-0.0021088533410193594,-0.1545595054095827,-0.0038419319429198683
2.14,-0.0021088533410193594,-0.1545595054095827,-0.0038419319429198683
2.15,-0.0021088533410193594,-0.1545595054095827,-0.0038419319429198683
2.16,-0.0021088533410193594,-0.1545595054095827,-0.0038419319429198683
2.17,-0.0021088533410193594,-0.1545595054095827,-0.0038419319429198683
2.18,-0.0021088533410193594,-0.1545595054095827,-0.0038419319429198683
2.19,-0.0021088533410193594,-0.1545595054095827,-0.0038419319429198683
2.2,-0.0021088533410193594,-0.1545595054095827,-0.0038419319429198683
2.21,-0.0021088533410193594,-0.1545595054095827,-0.0038419319429198683
2.22,-0.0021088533410193594,-0.1545595054095827,-0.0038419319429198683
2.23,-0.0021088533410193594,-0.1545595054095827,-0.0038419319429198683
2.24,-0.0021088533410193594,-0.1545595054095827,-0.0038419319429198683
2.25,-0.0021088533410193594,-0.1545595054095827,-0.0038419319429198683
2.2600000000000002,-0.0021088533410193594,-0.1545595054095827,-0.0038419319429198683
2.27,-0.0021088533410193594,-0.1545595054095827,-0.0038419319429198683
2.2800000000000002,-0.0021088533410193594,-0.1545595054095827,-0.0038419319429198683
2.29,-0.0021088533410193594,-0.1545595054095827,-0.0038419319429198683
2.3000000000000003,-0.0021088533410193594,-0.1545595054095827,-0.0038419319429198683
2.31,-0.0021088533410193594,-0.1545595054095827,-0.0038419319429198683
2.32,-0.0021088533410193594,-0.1545595054095827,-0.0038419319429198683
2.33,-0.0021088533410193594,-0.1545595054095827,-0.0038419319429198683
2.34,-0.0021088533410193594,-0.1545595054095827,-0.0038419319429198683
2.35,-0.0021088533410193594,-0.1545595054095827,-0.0038419319429198683
2.36,-0.0021088533410193594,-0.1545595054095827,-0.0038419319429198683
2.37,-0.0021088533410193594,-0.1545595054095827,-0.0038419319429198683
2.38,-0.0021088533410193594,-0.1545595054095827,-0.0038419319429198683
2.39,-0.0021088533410193594,-0.1545595054095827,-0.0038419319429198683
2.4,-0.0021088533410193594,-0.1545595054095827,-0.0038419319429198683
2.41,-0.0021088533410193594,-0.1545595054095827,-0.0038419319429198683
2.42,-0.0021088533410193594,-0.1545595054095827,-0.0038419319429198683
2.43,-0.0021088533410193594,-0.1545595054095827,-0.0038419319429198683
2.44,-0.0021088533410193594,-0.1545595054095827,-0.0038419319429198683
2.45,-0.0021088533410193594,-0.1545595054095827,-0.0038419319429198683
2.46,-0.0021088533410193594,-0.1545595054095827,-0.0038419319429198683
2.47,-0.0021088533410193594,-0.1545595054095827,-0.0038419319429198683
2.48,-0.0021088533410193594,-0.1545595054095827,-0.0038419319429198683
2.49,-0.0021088533410193594,-0.1545595054095827,-0.0038419319429198683
2.5,-0.0021088533410193594,-0.1545595054095827,-0.0038419319429198683
2.5100000000000002,-0.0021088533410193594,-0.1545595054095827,-0.0038419319429198683
2.52,-0.0021088533410193594,-0.1545595054095827,-0.0038419319429198683
2.5300000000000002,-0.0021088533410193594,-0.1545595054095827,-0.0038419319429198683
2.54,-0.0021088533410193594,-0.1545595054095827,-0.0038419319429198683
2.5500000000000003,-0.0021088533410193594,-0.1545595054095827,-0.0038419319429198683
2.56,-0.0021088533410193594,-0.1545595054095827,-0.0038419319429198683
2.57,-0.0021088533410193594,-0.1545595054095827,-0.0038419319429198683
2.58,-0.0021088533410193594,-0.1545595054095827,-0.0038419319429198683
2.59,-0.0021088533410193594,-0.1545595054095827,-0.0038419319429198683
2.6,-0.0021088533410193594,-0.1545595054095827,-0.0038419319429198683
2.61,-0.0021088533410193594,-0.1545595054095827,-0.0038419319429198683
2.62,-0.0021088533410193594,-0.1545595054095827,-0.0038419319429198683
2.63,-0.0021088533410193594,-0.1545595054095827,-0.0038419319429198683
2.64,-0.0021088533410190727,-0.1545595054095827,-0.0038419319429198683
2.65,0.004346753309139687,-0.1545595054095827,-0.0038419319429198683
2.66,0.01080235995929911,-0.1545595054095827,-0.0038419319429198683
2.67,0.013455348993610991,-0.1545595054095827,-0.0038419319429198683
2.68,0.013455348993610991,-0.1545595054095827,-0.0038419319429198683
2.69,0.013455348993610991,-0.1545595054095827,-0.0038419319429198683
2.7,0.013455348993610991,-0.1545595054095827,-0.0038419319429198683
2.71,0.013455348993610991,-0.1545595054095827,-0.0038419319429198683
2.72,0.013455348993610991,-0.1545595054095827,-0.0038419319429198683
2.73,0.013455348993610991,-0.1545595054095827,-0.0038419319429198683
2.74,0.011156091830540416,-0.1545595054095827,-0.0038419319429198683
2.75,0.006646010472210213,-0.1545595054095827,-0.0038419319429198683
2.7600000000000002,0.013101617122369496,-0.1545595054095827,-0.0038419319429198683
2.77,0.0012515994357759855,-0.1545595054095827,-0.0038419319429198683
2.7800000000000002,-0.0021088533410193594,-0.1545595054095827,-0.0038419319429198683
2.79,-0.0021088533410193594,-0.1545595054095827,-0.0038419319429198683
2.8000000000000003,-0.0021088533410193594,-0.1545595054095827,-0.0038419319429198683
2.81,-0.0021088533410193594,-0.1545595054095827,-0.0038419319429198683
2.82,-0.0021088533410193594,-0.1545595054095827,-0.0038419319429198683
2.83,-0.0021088533410193594,-0.1545595054095827,-0.0038419319429198683
2.84,-0.0021088533410193594,-0.1545595054095827,-0.0038419319429198683
2.85,-0.0021088533410193594,-0.1545595054095827,-0.0038419319429198683
2.86,-0.0021088533410193594,-0.1545595054095827,-0.0038419319429198683
2.87,-0.0021088533410193594,-0.1545595054095827,-0.0038419319429198683
2.88,-0.0021088533410193594,-0.1545595054095827,-0.0038419319429198683
2.89,-0.0021088533410193594,-0.1545595054095827,-0.0038419319429198683
2.9,-0.0021088533410193594,-0.1545595054095827,-0.0038419319429198683
2.91,-0.0021088533410193594,-0.1545595054095827,-0.0038419319429198683
2.92,-0.0021088533410193594,-0.1545595054095827,-0.0038419319429198683
2.93,-0.0021088533410193594,-0.1545595054095827,-0.0038419319429198683
2.94,-0.0021088533410193594,-0.1545595054095827,-0.0038419319429198683
2.95,-0.0021088533410193594,-0.1545595054095827,-0.0038419319429198683
2.96,-0.0021088533410193594,-0.1545595054095827,-0.0038419319429198683
2.97,-0.0021088533410193594,-0.1545595054095827,-0.0038419319429198683
2.98,-0.0021088533410193594,-0.1545595054095827,-0.0038419319429198683
2.99,-0.0021088533410193594,-0.1545595054095827,-0.0038419319429198683
3.0,-0.0021088533410193594,-0.1545595054095827,-0.0038419319429198683
3.0100000000000002,-0.0021088533410193594,-0.1545595054095827,-0.0038419319429198683
3.02,-0.0021088533410193594,-0.1545595054095827,-0.0038419319429198683
3.0300000000000002,-0.0021088533410193594,-0.1545595054095827,-0.0038419319429198683
3.04,-0.0021088533410193594,-0.1545595054095827,-0.0038419319429198683
3.0500000000000003,-0.0021088533410193594,-0.1545595054095827,-0.0038419319429198683
3.06,-0.0021088533410193594,-0.1545595054095827,-0.0038419319429198683
3.0700000000000003,-0.0021088533410193594,-0.1545595054095827,-0.0038419319429198683
3.08,-0.0021088533410193594,-0.1545595054095827,-0.0038419319429198683
3.09,-0.0021088533410193594,-0.1545595054095827,-0.0038419319429198683
3.1,-0.0021088533410193594,-0.1545595054095827,-0.0038419319429198683
3.11,-0.0021088533410193594,-0.1545595054095827,-0.0038419319429198683
3.12,-0.0021088533410193594,-0.1545595054095827,-0.0038419319429198683
3.13,-0.0021088533410193594,-0.1545595054095827,-0.0038419319429198683
3.14,-0.0021088533410193594,-0.1545595054095827,-0.0038419319429198683
3.15,-0.0021088533410193594,-0.1545595054095827,-0.0038419319429198683
3.16,-0.0021088533410193594,-0.1545595054095827,-0.0038419319429198683
3.17,-0.0021088533410193594,-0.1545595054095827,-0.0038419319429198683
3.18,-0.0021088533410193594,-0.1545595054095827,-0.0038419319429198683
3.19,-0.0021088533410193594,-0.1545595054095827,-0.0038419319429198683
3.2,-0.0021088533410193594,-0.1545595054095827,-0.0038419319429198683
3.21,-0.0021088533410193594,-0.1545595054095827,-0.0038419319429198683
3.22,-0.0021088533410193594,-0.1545595054095827,-0.0038419319429198683
3.23,-0.0021088533410193594,-0.1545595054095827,-0.0038419319429198683
3.24,-0.0021088533410193594,-0.1545595054095827,-0.0038419319429198683
3.25,-0.0021088533410193594,-0.1545595054095827,-0.0038419319429198683
3.2600000000000002,-0.0021088533410193594,-0.1545595054095827,-0.0038419319429198683
3.27,-0.0021088533410193594,-0.1545595054095827,-0.0038419319429198683
3.2800000000000002,-0.0021088533410193594,-0.1545595054095827,-0.0038419319429198683
3.29,-0.0021088533410193594,-0.1545595054095827,-0.0038419319429198683
3.3000000000000003,-0.0021088533410193594,-0.1545595054095827,-0.0038419319429198683
3.31,-0.0021088533410193594,-0.1545595054095827,-0.0038419319429198683
3.3200000000000003,0.0010747335001552389,-0.1545595054095827,-0.0038419319429198683
3.33,0.007530340150314236,-0.1545595054095827,-0.0038419319429198683
3.34,0.013455348993610991,-0.1545595054095827,-0.0038419319429198683
3.35,0.013455348993610991,-0.1545595054095827,-0.0038419319429198683
3.36,0.013455348993610991,-0.1545595054095827,-0.0038419319429198683
3.37,0.013455348993610991,-0.1545595054095827,-0.0038419319429198683
3.38,0.013455348993610991,-0.1545595054095827,-0.0038419319429198683
3.39,0.013455348993610991,-0.1545595054095827,-0.0038419319429198683
3.4,0.013455348993610991,-0.1545595054095827,-0.0038419319429198683
3.41,0.013455348993610991,-0.1545595054095827,-0.0038419319429198683
3.42,0.007972504989366188,-0.1545595054095827,-0.0038419319429198683
3.43,0.00982959731338481,-0.1545595054095827,-0.0038419319429198683
3.44,0.007795639053745357,-0.1545595054095827,-0.0038419319429198683
3.45,-0.0021088533410193594,-0.1545595054095827,-0.0038419319429198683
3.46,-0.0021088533410193594,-0.1545595054095827,-0.0038419319429198683
3.47,-0.0021088533410193594,-0.1545595054095827,-0.0038419319429198683
3.48,-0.0021088533410193594,-0.1545595054095827,-0.0038419319429198683
3.49,-0.0021088533410193594,-0.1545595054095827,-0.0038419319429198683
3.5,-0.0021088533410193594,-0.1545595054095827,-0.0038419319429198683
3.5100000000000002,-0.0021088533410193594,-0.1545595054095827,-0.0038419319429198683
3.52,-0.0021088533410193594,-0.1545595054095827,-0.0038419319429198683
3.5300000000000002,-0.0021088533410193594,-0.1545595054095827,-0.0038419319429198683
3.54,-0.0021088533410193594,-0.1545595054095827,-0.0038419319429198683
3.5500000000000003,-0.0021088533410193594,-0.1545595054095827,-0.0038419319429198683
3.56,-0.0021088533410193594,-0.1545595054095827,-0.0038419319429198683
3.5700000000000003,-0.0021088533410193594,-0.1545595054095827,-0.0038419319429198683
3.58,-0.0021088533410193594,-0.1545595054095827,-0.0038419319429198683
3.59,-0.0021088533410193594,-0.1545595054095827,-0.0038419319429198683
3.6,-0.0021088533410193594,-0.1545595054095827,-0.0038419319429198683
3.61,-0.0021088533410193594,-0.1545595054095827,-0.0038419319429198683
3.62,-0.0021088533410193594,-0.1545595054095827,-0.0038419319429198683
3.63,-0.0021088533410193594,-0.1545595054095827,-0.0038419319429198683
3.64,-0.0021088533410193594,-0.1545595054095827,-0.0038419319429198683
3.65,-0.0021088533410193594,-0.1545595054095827,-0.0038419319429198683
3.66,-0.0021088533410193594,-0.1545595054095827,-0.0038419319429198683
3.67,-0.0021088533410193594,-0.1545595054095827,-0.0038419319429198683
3.68,-0.0021088533410193594,-0.1545595054095827,-0.0038419319429198683
3.69,-0.0021088533410193594,-0.1545595054095827,-0.0038419319429198683
3.7,-0.0021088533410193594,-0.1545595054095827,-0.0038419319429198683
3.71,-0.0021088533410193594,-0.1545595054095827,-0.0038419319429198683
3.72,-0.0021088533410193594,-0.1545595054095827,-0.0038419319429198683
3.73,-0.0021088533410193594,-0.1545595054095827,-0.0038419319429198683
3.74,-0.0021088533410193594,-0.1545595054095827,-0.0038419319429198683
3.75,-0.0021088533410193594,-0.1545595054095827,-0.0038419319429198683
3.7600000000000002,-0.0021088533410193594,-0.1545595054095827,-0.0038419319429198683
3.77,-0.0021088533410193594,-0.1545595054095827,-0.0038419319429198683
3.7800000000000002,-0.0021088533410193594,-0.1545595054095827,-0.0038419319429198683
3.79,-0.0021088533410193594,-0.1545595054095827,-0.0038419319429198683
3.8000000000000003,-0.0021088533410193594,-0.1545595054095827,-0.0038419319429198683
3.81,-0.0021088533410193594,-0.1545595054095827,-0.0038419319429198683
3.8200000000000003,-0.0021088533410193594,-0.1545595054095827,-0.0038419319429198683
3.83,-0.0021088533410193594,-0.1545595054095827,-0.0038419319429198683
3.84,-0.0021088533410193594,-0.1545595054095827,-0.0038419319429198683
3.85,-0.0021088533410193594,-0.1545595054095827,-0.0038419319429198683
3.86,-0.0021088533410193594,-0.1545595054095827,-0.0038419319429198683
3.87,-0.0021088533410193594,-0.1545595054095827,-0.0038419319429198683
3.88,-0.0021088533410193594,-0.1545595054095827,-0.0038419319429198683
3.89,-0.0021088533410193594,-0.1545595054095827,-0.0038419319429198683
3.9,-0.0021088533410193594,-0.1545595054095827,-0.0038419319429198683
3.91,-0.0021088533410193594,-0.1545595054095827,-0.0038419319429198683
3.92,-0.0021088533410193594,-0.1545595054095827,-0.0038419319429198683
3.93,-0.0021088533410193594,-0.1545595054095827,-0.0038419319429198683
3.94,-0.0021088533410193594,-0.1545595054095827,-0.0038419319429198683
3.95,-0.0021088533410193594,-0.1545595054095827,-0.0038419319429198683
3.96,-0.0021088533410193594,-0.1545595054095827,-0.0038419319429198683
3.97,-0.0021088533410193594,-0.1545595054095827,-0.0038419319429198683
3.98,-0.0021088533410193594,-0.1545595054095827,-0.0038419319429198683
3.99,-0.0021088533410193594,-0.1545595054095827,-0.0038419319429198683
4.0,0.004258320341329317,-0.1545595054095827,-0.0038419319429198683
4.01,0.010713926991488262,-0.1545595054095827,-0.0038419319429198683
4.0200000000000005,0.013455348993610991,-0.1545595054095827,-0.0038419319429198683
4.03,0.013455348993610991,-0.1545595054095827,-0.0038419319429198683
4.04,0.013455348993610991,-0.1545595054095827,-0.0038419319429198683
4.05,0.013455348993610991,-0.1545595054095827,-0.0038419319429198683
4.0600000000000005,0.013455348993610991,-0.1545595054095827,-0.0038419319429198683
4.07,0.013455348993610991,-0.1545595054095827,-0.0038419319429198683
4.08,0.013455348993610991,-0.1545595054095827,-0.0038419319429198683
4.09,0.011244524798351077,-0.1545595054095827,-0.0038419319429198683
4.1,0.006557577504399553,-0.1545595054095827,-0.0038419319429198683
4.11,0.013013184154559123,-0.1545595054095827,-0.0038419319429198683
4.12,0.001428465371396733,-0.1545595054095827,-0.0038419319429198683
4.13,-0.0021088533410193594,-0.1545595054095827,-0.0038419319429198683
4.14,-0.0021088533410193594,-0.1545595054095827,-0.0038419319429198683
4.15,-0.0021088533410193594,-0.1545595054095827,-0.0038419319429198683
4.16,-0.0021088533410193594,-0.1545595054095827,-0.0038419319429198683
4.17,-0.0021088533410193594,-0.1545595054095827,-0.0038419319429198683
4.18,-0.0021088533410193594,-0.1545595054095827,-0.0038419319429198683
4.19,-0.0021088533410193594,-0.1545595054095827,-0.0038419319429198683
4.2,-0.0021088533410193594,-0.1545595054095827,-0.0038419319429198683
4.21,-0.0021088533410193594,-0.1545595054095827,-0.0038419319429198683
4.22,-0.0021088533410193594,-0.1545595054095827,-0.0038419319429198683
4.23,-0.0021088533410193594,-0.1545595054095827,-0.0038419319429198683
4.24,-0.0021088533410193594,-0.1545595054095827,-0.0038419319429198683
4.25,-0.0021088533410193594,-0.1545595054095827,-0.0038419319429198683
4.26,-0.0021088533410193594,-0.1545595054095827,-0.0038419319429198683
4.2700000000000005,-0.0021088533410193594,-0.1545595054095827,-0.0038419319429198683
4.28,-0.0021088533410193594,-0.1545595054095827,-0.0038419319429198683
4.29,-0.0021088533410193594,-0.1545595054095827,-0.0038419319429198683
4.3,-0.0021088533410193594,-0.1545595054095827,-0.0038419319429198683
4.3100000000000005,-0.0021088533410193594,-0.1545595054095827,-0.0038419319429198683
4.32,-0.0021088533410193594,-0.1545595054095827,-0.0038419319429198683
4.33,-0.0021088533410193594,-0.1545595054095827,-0.0038419319429198683
4.34,-0.0021088533410193594,-0.1545595054095827,-0.0038419319429198683
4.3500000000000005,-0.0021088533410193594,-0.1545595054095827,-0.0038419319429198683
4.36,-0.0021088533410193594,-0.1545595054095827,-0.0038419319429198683
4.37,-0.0021088533410193594,-0.1545595054095827,-0.0038419319429198683
4.38,-0.0021088533410193594,-0.1545595054095827,-0.0038419319429198683
4.39,-0.0021088533410193594,-0.1545595054095827,-0.0038419319429198683
4.4,-0.0021088533410193594,-0.1545595054095827,-0.0038419319429198683
4.41,-0.0021088533410193594,-0.1545595054095827,-0.0038419319429198683
4.42,-0.0021088533410193594,-0.1545595054095827,-0.0038419319429198683
4.43,-0.0021088533410193594,-0.1545595054095827,-0.0038419319429198683
4.44,-0.0021088533410193594,-0.1545595054095827,-0.0038419319429198683
4.45,-0.0021088533410193594,-0.1545595054095827,-0.0038419319429198683
4.46,-0.0021088533410193594,-0.1545595054095827,-0.0038419319429198683
4.47,-0.0021088533410193594,-0.1545595054095827,-0.0038419319429198683
4.48,-0.0021088533410193594,-0.1545595054095827,-0.0038419319429198683
4.49,-0.0021088533410193594,-0.1545595054095827,-0.0038419319429198683
4.5,-0.0021088533410193594,-0.1545595054095827,-0.0038419319429198683
4.51,-0.0021088533410193594,-0.1545595054095827,-0.0038419319429198683
4.5200000000000005,-0.0021088533410193594,-0.1545595054095827,-0.0038419319429198683
4.53,-0.0021088533410193594,-0.1545595054095827,-0.0038419319429198683
4.54,-0.0021088533410193594,-0.1545595054095827,-0.0038419319429198683
4.55,-0.0021088533410193594,-0.1545595054095827,-0.0038419319429198683
4.5600000000000005,-0.0021088533410193594,-0.1545595054095827,-0.0038419319429198683
4.57,-0.0021088533410193594,-0.1545595054095827,-0.0038419319429198683
4.58,-0.0021088533410193594,-0.1545595054095827,-0.0038419319429198683
4.59,-0.0021088533410193594,-0.1545595054095827,-0.0038419319429198683
4.6000000000000005,-0.0021088533410193594,-0.1545595054095827,-0.0038419319429198683
4.61,-0.0021088533410193594,-0.1545595054095827,-0.0038419319429198683
4.62,-0.0021088533410193594,-0.1545595054095827,-0.0038419319429198683
4.63,-0.0021088533410193594,-0.1545595054095827,-0.0038419319429198683
4.64,-0.0021088533410193594,-0.1545595054095827,-0.0038419319429198683
4.65,-0.0021088533410193594,-0.1545595054095827,-0.0038419319429198683
4.66,-0.0021088533410193594,-0.1545595054095827,-0.0038419319429198683
4.67,0.0009863005323445199,-0.1545595054095827,-0.0038419319429198683
4.68,0.007441907182503862,-0.1545595054095827,-0.0038419319429198683
4.69,0.013455348993610991,-0.1545595054095827,-0.0038419319429198683
4.7,0.013455348993610991,-0.1545595054095827,-0.0038419319429198683
4.71,0.013455348993610991,-0.1545595054095827,-0.0038419319429198683
4.72,0.013455348993610991,-0.1545595054095827,-0.0038419319429198683
4.73,0.013455348993610991,-0.1545595054095827,-0.0038419319429198683
4.74,0.013455348993610991,-0.1545595054095827,-0.0038419319429198683
4.75,0.013455348993610991,-0.1545595054095827,-0.0038419319429198683
4.76,0.013455348993610991,-0.1545595054095827,-0.0038419319429198683
4.7700000000000005,0.008060937957176478,-0.1545595054095827,-0.0038419319429198683
4.78,0.009741164345574451,-0.1545595054095827,-0.0038419319429198683
4.79,0.00797250498936553,-0.1545595054095827,-0.0038419319429198683
4.8,-0.0021088533410193594,-0.1545595054095827,-0.0038419319429198683
4.8100000000000005,-0.0021088533410193594,-0.1545595054095827,-0.0038419319429198683
4.82,-0.0021088533410193594,-0.1545595054095827,-0.0038419319429198683
4.83,-0.0021088533410193594,-0.1545595054095827,-0.0038419319429198683
4.84,-0.0021088533410193594,-0.1545595054095827,-0.0038419319429198683
4.8500000000000005,-0.0021088533410193594,-0.1545595054095827,-0.0038419319429198683
4.86,-0.0021088533410193594,-0.1545595054095827,-0.0038419319429198683
4.87,-0.0021088533410193594,-0.1545595054095827,-0.0038419319429198683
4.88,-0.0021088533410193594,-0.1545595054095827,-0.0038419319429198683
4.89,-0.0021088533410193594,-0.1545595054095827,-0.0038419319429198683
4.9,-0.0021088533410193594,-0.1545595054095827,-0.0038419319429198683
4.91,-0.0021088533410193594,-0.1545595054095827,-0.0038419319429198683
4.92,-0.0021088533410193594,-0.1545595054095827,-0.0038419319429198683
4.93,-0.0021088533410193594,-0.1545595054095827,-0.0038419319429198683
4.94,-0.0021088533410193594,-0.1545595054095827,-0.0038419319429198683
4.95,-0.0021088533410193594,-0.1545595054095827,-0.0038419319429198683
4.96,-0.0021088533410193594,-0.1545595054095827,-0.0038419319429198683
4.97,-0.0021088533410193594,-0.1545595054095827,-0.0038419319429198683
4.98,-0.0021088533410193594,-0.1545595054095827,-0.0038419319429198683
4.99,-0.0021088533410193594,-0.1545595054095827,-0.0038419319429198683
5.0,-0.0021088533410193594,-0.1545595054095827,-0.0038419319429198683
5.01,-0.0021088533410193594,-0.1545595054095827,-0.0038419319429198683
5.0200000000000005,-0.0021088533410193594,-0.1545595054095827,-0.0038419319429198683
5.03,-0.0021088533410193594,-0.1545595054095827,-0.0038419319429198683
5.04,-0.0021088533410193594,-0.1545595054095827,-0.0038419319429198683
5.05,-0.0021088533410193594,-0.1545595054095827,-0.0038419319429198683
5.0600000000000005,-0.0021088533410193594,-0.1545595054095827,-0.0038419319429198683
5.07,-0.0021088533410193594,-0.1545595054095827,-0.0038419319429198683
5.08,-0.0021088533410193594,-0.1545595054095827,-0.0038419319429198683
5.09,-0.0021088533410193594,-0.1545595054095827,-0.0038419319429198683
5.1000000000000005,-0.0021088533410193594,-0.1545595054095827,-0.0038419319429198683
5.11,-0.0021088533410193594,-0.1545595054095827,-0.0038419319429198683
5.12,-0.0021088533410193594,-0.1545595054095827,-0.0038419319429198683
5.13,-0.0021088533410193594,-0.1545595054095827,-0.0038419319429198683
5.14,-0.0021088533410193594,-0.1545595054095827,-0.0038419319429198683
5.15,-0.0021088533410193594,-0.1545595054095827,-0.0038419319429198683
5.16,-0.0021088533410193594,-0.1545595054095827,-0.0038419319429198683
5.17,-0.0021088533410193594,-0.1545595054095827,-0.0038419319429198683
5.18,-0.0021088533410193594,-0.1545595054095827,-0.0038419319429198683
5.19,-0.0021088533410193594,-0.1545595054095827,-0.0038419319429198683
5.2,-0.0021088533410193594,-0.1545595054095827,-0.0038419319429198683
5.21,-0.0021088533410193594,-0.1545595054095827,-0.0038419319429198683
5.22,-0.0021088533410193594,-0.1545595054095827,-0.0038419319429198683
5.23,-0.0021088533410193594,-0.1545595054095827,-0.0038419319429198683
5.24,-0.0021088533410193594,-0.1545595054095827,-0.0038419319429198683
5.25,-0.0021088533410193594,-0.1545595054095827,-0.0038419319429198683
5.26,-0.0021088533410193594,-0.1545595054095827,-0.0038419319429198683
5.2700000000000005,-0.0021088533410193594,-0.1545595054095827,-0.0038419319429198683
5.28,-0.0021088533410193594,-0.1545595054095827,-0.0038419319429198683
5.29,-0.0021088533410193594,-0.1545595054095827,-0.0038419319429198683
5.3,-0.0021088533410193594,-0.1545595054095827,-0.0038419319429198683
5.3100000000000005,-0.0021088533410193594,-0.1545595054095827,-0.0038419319429198683
5.32,-0.0021088533410193594,-0.1545595054095827,-0.0038419319429198683
5.33,-0.0021088533410193594,-0.1545595054095827,-0.0038419319429198683
5.34,-0.0021088533410193594,-0.1545595054095827,-0.0038419319429198683
5.3500000000000005,0.004169887373519463,-0.1545595054095827,-0.0038419319429198683
5.36,0.010625494023678461,-0.1545595054095827,-0.0038419319429198683
5.37,0.013455348993610991,-0.1545595054095827,-0.0038419319429198683
5.38,0.013455348993610991,-0.1545595054095827,-0.0038419319429198683
5.39,0.013455348993610991,-0.1545595054095827,-0.0038419319429198683
5.4,0.013455348993610991,-0.1545595054095827,-0.0038419319429198683
5.41,0.013455348993610991,-0.1545595054095827,-0.0038419319429198683
5.42,0.013455348993610991,-0.1545595054095827,-0.0038419319429198683
5.43,0.013455348993610991,-0.1545595054095827,-0.0038419319429198683
5.44,0.011332957766161033,-0.1545595054095827,-0.0038419319429198683
5.45,0.006469144536589179,-0.1545595054095827,-0.0038419319429198683
5.46,0.012924751186748176,-0.1545595054095827,-0.0038419319429198683
5.47,0.0016053313070177547,-0.1545595054095827,-0.0038419319429198683
5.48,-0.0021088533410193594,-0.1545595054095827,-0.0038419319429198683
5.49,-0.0021088533410193594,-0.1545595054095827,-0.0038419319429198683
5.5,-0.0021088533410193594,-0.1545595054095827,-0.0038419319429198683
5.51,-0.0021088533410193594,-0.1545595054095827,-0.0038419319429198683
5.5200000000000005,-0.0021088533410193594,-0.1545595054095827,-0.0038419319429198683
5.53,-0.0021088533410193594,-0.1545595054095827,-0.0038419319429198683
5.54,-0.0021088533410193594,-0.1545595054095827,-0.0038419319429198683
5.55,-0.0021088533410193594,-0.1545595054095827,-0.0038419319429198683
5.5600000000000005,-0.0021088533410193594,-0.1545595054095827,-0.0038419319429198683
5.57,-0.0021088533410193594,-0.1545595054095827,-0.0038419319429198683
5.58,-0.0021088533410193594,-0.1545595054095827,-0.0038419319429198683
5.59,-0.0021088533410193594,-0.1545595054095827,-0.0038419319429198683
5.6000000000000005,-0.0021088533410193594,-0.1545595054095827,-0.0038419319429198683
5.61,-0.0021088533410193594,-0.1545595054095827,-0.0038419319429198683
5.62,-0.0021088533410193594,-0.1545595054095827,-0.0038419319429198683
5.63,-0.0021088533410193594,-0.1545595054095827,-0.0038419319429198683
5.64,-0.0021088533410193594,-0.1545595054095827,-0.0038419319429198683
5.65,-0.0021088533410193594,-0.1545595054095827,-0.0038419319429198683
5.66,-0.0021088533410193594,-0.1545595054095827,-0.0038419319429198683
5.67,-0.0021088533410193594,-0.1545595054095827,-0.0038419319429198683
5.68,-0.0021088533410193594,-0.1545595054095827,-0.0038419319429198683
5.69,-0.0021088533410193594,-0.1545595054095827,-0.0038419319429198683
5.7,-0.0021088533410193594,-0.1545595054095827,-0.0038419319429198683
5.71,-0.0021088533410193594,-0.1545595054095827,-0.0038419319429198683
5.72,-0.0021088533410193594,-0.1545595054095827,-0.0038419319429198683
5.73,-0.0021088533410193594,-0.1545595054095827,-0.0038419319429198683
5.74,-0.0021088533410193594,-0.1545595054095827,-0.0038419319429198683
5.75,-0.0021088533410193594,-0.1545595054095827,-0.0038419319429198683
5.76,-0.0021088533410193594,-0.1545595054095827,-0.0038419319429198683
5.7700000000000005,-0.0021088533410193594,-0.1545595054095827,-0.0038419319429198683
5.78,-0.0021088533410193594,-0.1545595054095827,-0.0038419319429198683
5.79,-0.0021088533410193594,-0.1545595054095827,-0.0038419319429198683
5.8,-0.0021088533410193594,-0.1545595054095827,-0.0038419319429198683
5.8100000000000005,-0.0021088533410193594,-0.1545595054095827,-0.0038419319429198683
5.82,-0.0021088533410193594,-0.1545595054095827,-0.0038419319429198683
5.83,-0.0021088533410193594,-0.1545595054095827,-0.0038419319429198683
5.84,-0.0021088533410193594,-0.1545595054095827,-0.0038419319429198683
5.8500000000000005,-0.0021088533410193594,-0.1545595054095827,-0.0038419319429198683
5.86,-0.0021088533410193594,-0.1545595054095827,-0.0038419319429198683
5.87,-0.0021088533410193594,-0.1545595054095827,-0.0038419319429198683
5.88,-0.0021088533410193594,-0.1545595054095827,-0.0038419319429198683
5.89,-0.0021088533410193594,-0.1545595054095827,-0.0038419319429198683
5.9,-0.0021088533410193594,-0.1545595054095827,-0.0038419319429198683
5.91,-0.0021088533410193594,-0.1545595054095827,-0.0038419319429198683
5.92,-0.0021088533410193594,-0.1545595054095827,-0.0038419319429198683
5.93,-0.0021088533410193594,-0.1545595054095827,-0.0038419319429198683
5.94,-0.0021088533410193594,-0.1545595054095827,-0.0038419319429198683
5.95,-0.0021088533410193594,-0.1545595054095827,-0.0038419319429198683
5.96,-0.0021088533410193594,-0.1545595054095827,-0.0038419319429198683
5.97,-0.0021088533410193594,-0.1545595054095827,-0.0038419319429198683
5.98,-0.0021088533410193594,-0.1545595054095827,-0.0038419319429198683
5.99,-0.0021088533410193594,-0.1545595054095827,-0.0038419319429198683
6.0,-0.0021088533410193594,-0.1545595054095827,-0.0038419319429198683
6.01,-0.0021088533410193594,-0.1545595054095827,-0.0038419319429198683
6.0200000000000005,0.0008978675645350651,-0.1545595054095827,-0.0038419319429198683
6.03,0.0073534742146939384,-0.1545595054095827,-0.0038419319429198683
6.04,0.013455348993610991,-0.1545595054095827,-0.0038419319429198683
6.05,0.013455348993610991,-0.1545595054095827,-0.0038419319429198683
6.0600000000000005,0.013455348993610991,-0.1545595054095827,-0.0038419319429198683
6.07,0.013455348993610991,-0.1545595054095827,-0.0038419319429198683
6.08,0.013455348993610991,-0.1545595054095827,-0.0038419319429198683
6.09,0.013455348993610991,-0.1545595054095827,-0.0038419319429198683
6.1000000000000005,0.013455348993610991,-0.1545595054095827,-0.0038419319429198683
6.11,0.013455348993610991,-0.1545595054095827,-0.0038419319429198683
6.12,0.00814937092498685,-0.1545595054095827,-0.0038419319429198683
6.13,0.009652731377763776,-0.1545595054095827,-0.0038419319429198683
6.140000000000001,0.008149370924986278,-0.1545595054095827,-0.0038419319429198683
6.15,-0.0021088533410193594,-0.1545595054095827,-0.0038419319429198683
6.16,-0.0021088533410193594,-0.1545595054095827,-0.0038419319429198683
6.17,-0.0021088533410193594,-0.1545595054095827,-0.0038419319429198683
6.18,-0.0021088533410193594,-0.1545595054095827,-0.0038419319429198683
6.19,-0.0021088533410193594,-0.1545595054095827,-0.0038419319429198683
6.2,-0.0021088533410193594,-0.1545595054095827,-0.0038419319429198683
6.21,-0.0021088533410193594,-0.1545595054095827,-0.0038419319429198683
6.22,-0.0021088533410193594,-0.1545595054095827,-0.0038419319429198683
6.23,-0.0021088533410193594,-0.1545595054095827,-0.0038419319429198683
6.24,-0.0021088533410193594,-0.1545595054095827,-0.0038419319429198683
6.25,-0.0021088533410193594,-0.1545595054095827,-0.0038419319429198683
6.26,-0.0021088533410193594,-0.1545595054095827,-0.0038419319429198683
6.2700000000000005,-0.0021088533410193594,-0.1545595054095827,-0.0038419319429198683
6.28,-0.0021088533410193594,-0.1545595054095827,-0.0038419319429198683
6.29,-0.0021088533410193594,-0.1545595054095827,-0.0038419319429198683
6.3,-0.0021088533410193594,-0.1545595054095827,-0.0038419319429198683
6.3100000000000005,-0.0021088533410193594,-0.1545595054095827,-0.0038419319429198683
6.32,-0.0021088533410193594,-0.1545595054095827,-0.0038419319429198683
6.33,-0.0021088533410193594,-0.1545595054095827,-0.0038419319429198683
6.34,-0.0021088533410193594,-0.1545595054095827,-0.0038419319429198683
6.3500000000000005,-0.0021088533410193594,-0.1545595054095827,-0.0038419319429198683
6.36,-0.0021088533410193594,-0.1545595054095827,-0.0038419319429198683
6.37,-0.0021088533410193594,-0.1545595054095827,-0.0038419319429198683
6.38,-0.0021088533410193594,-0.1545595054095827,-0.0038419319429198683
6.390000000000001,-0.0021088533410193594,-0.1545595054095827,-0.0038419319429198683
6.4,-0.0021088533410193594,-0.1545595054095827,-0.0038419319429198683
6.41,-0.0021088533410193594,-0.1545595054095827,-0.0038419319429198683
6.42,-0.0021088533410193594,-0.1545595054095827,-0.0038419319429198683
6.43,-0.0021088533410193594,-0.1545595054095827,-0.0038419319429198683
6.44,-0.0021088533410193594,-0.1545595054095827,-0.0038419319429198683
6.45,-0.0021088533410193594,-0.1545595054095827,-0.0038419319429198683
6.46,-0.0021088533410193594,-0.1545595054095827,-0.0038419319429198683
6.47,-0.0021088533410193594,-0.1545595054095827,-0.0038419319429198683
6.48,-0.0021088533410193594,-0.1545595054095827,-0.0038419319429198683
6.49,-0.0021088533410193594,-0.1545595054095827,-0.0038419319429198683
6.5,-0.0021088533410193594,-0.1545595054095827,-0.0038419319429198683
6.51,-0.0021088533410193594,-0.1545595054095827,-0.0038419319429198683
6.5200000000000005,-0.0021088533410193594,-0.1545595054095827,-0.0038419319429198683
6.53,-0.0021088533410193594,-0.1545595054095827,-0.0038419319429198683
6.54,-0.0021088533410193594,-0.1545595054095827,-0.0038419319429198683
6.55,-0.0021088533410193594,-0.1545595054095827,-0.0038419319429198683
6.5600000000000005,-0.0021088533410193594,-0.1545595054095827,-0.0038419319429198683
6.57,-0.0021088533410193594,-0.1545595054095827,-0.0038419319429198683
6.58,-0.0021088533410193594,-0.1545595054095827,-0.0038419319429198683
6.59,-0.0021088533410193594,-0.1545595054095827,-0.0038419319429198683
6.6000000000000005,-0.0021088533410193594,-0.1545595054095827,-0.0038419319429198683
6.61,-0.0021088533410193594,-0.1545595054095827,-0.0038419319429198683
6.62,-0.0021088533410193594,-0.1545595054095827,-0.0038419319429198683
6.63,-0.0021088533410193594,-0.1545595054095827,-0.0038419319429198683
6.640000000000001,-0.0021088533410193594,-0.1545595054095827,-0.0038419319429198683
6.65,-0.0021088533410193594,-0.1545595054095827,-0.0038419319429198683
6.66,-0.0021088533410193594,-0.1545595054095827,-0.0038419319429198683
6.67,-0.0021088533410193594,-0.1545595054095827,-0.0038419319429198683
6.68,-0.0021088533410193594,-0.1545595054095827,-0.0038419319429198683
6.69,-0.0021088533410193594,-0.1545595054095827,-0.0038419319429198683
6.7,-0.0021088533410193594,-0.1545595054095827,-0.0038419319429198683
6.71,0.002754959888552912,-0.1545595054095827,-0.0038419319429198683
6.72,0.009210566538711908,-0.1545595054095827,-0.0038419319429198683
6.73,0.013455348993610991,-0.1545595054095827,-0.0038419319429198683
6.74,0.013455348993610991,-0.1545595054095827,-0.0038419319429198683
6.75,0.013455348993610991,-0.1545595054095827,-0.0038419319429198683
6.76,0.013455348993610991,-0.1545595054095827,-0.003669294481588693
6.7700000000000005,0.016579980522912083,-0.1545595054095827,-0.003293084522502744
6.78,0.01864341643848777,-0.1545595054095827,-0.003293084522502744
6.79,0.01999938861158055,-0.1545595054095827,-0.002858247679872243
6.8,0.023359841388375904,-0.1545595054095827,-0.0027442371020856204
6.8100000000000005,0.01905610362160286,-0.14008711535759324,-0.0025004989522003584
6.82,0.024479992313974155,-0.12364760432766615,-0.0021953896816684962
6.83,0.027928878058579684,-0.11957285373050369,-0.0021427502245285057
6.84,0.03326433378314035,-0.09385977237600124,-0.0016894521504839549
6.8500000000000005,0.041871809316686895,-0.0927357032457496,-0.0012361540764394242
6.86,0.05083301672147412,-0.07334551074891062,-0.0007828560023949398
6.87,0.06374423002179211,-0.061823802163833076,-0.00021991318231712116
6.88,0.0766554433221101,-0.052831249121819995,0.0005219040015966199
6.890000000000001,0.08956665662242924,-0.030911901081916538,0.001428500149685669
6.9,0.1044823505264498,-0.030911901081916538,0.0023350962977746375
6.91,0.1216973015935408,0.005550091330617877,0.0032416924458637197
6.92,0.13891225266063265,0.044119713362369424,0.004148288593952736
6.93,0.1561272037277233,0.07573415765069426,0.005054884742041704
6.94,0.17334215479481443,0.10144723900520149,0.006011126634068492
6.95,0.19332800551996376,0.12891667837572243,0.007146242889931121
6.96,0.21861983431373713,0.16748630040747325,0.008506137112064573
6.97,0.24924711883207126,0.2060559224392267,0.010046776768785553
6.98,0.2812893308353748,0.24462554447098797,0.011766290789342566
6.99,0.3049598885526244,0.2900098356048936,0.013579483085520504
7.0,0.3180184901326276,0.34565125755233894,0.015392675381698442
7.01,0.33275731810102754,0.409933960938595,0.01720586767787638
7.0200000000000005,0.3499722691681197,0.4742166643248569,0.019019059974054477
7.03,0.36718722023521033,0.538499367711113,0.021000773375910477
7.04,0.38440217130230103,0.6213292117465224,0.02316136114160258
7.05,0.4188320734364823,0.7113249964872841,0.025427851511825226
7.0600000000000005,0.5028433928563661,0.8013207812280506,0.027719538968167014
7.07,0.5578486988344329,0.8927919067022646,0.030212678375411677
7.08,0.5853218741675311,0.9956442321202744,0.03270581778265634
7.09,0.6169808766436536,1.0984965575382841,0.035198957189901
7.1000000000000005,0.6557145165446111,1.2013488829563084,0.037800618700728546
7.11,0.6986339835885911,1.3042012083743217,0.040520407144995746
7.12,0.743322109988776,1.4070535337923316,0.04324019558926265
7.13,0.7897199404332961,1.5112406913025151,0.045959984033529556
7.140000000000001,0.8378274749221576,1.6269495573977864,0.0486797724777967
7.15,0.8876447134553513,1.7542503863987748,0.0515436333699231
7.16,0.9392895666566233,1.8828157931712899,0.05449007085121225
7.17,0.9909344198578952,2.011381199943802,0.057387985231014634
7.18,1.0425792730591672,2.1437403400309103,0.06010702524698137
7.19,1.0942241262604437,2.286356610931569,0.06260016465422626
7.2,1.146576443204199,2.4406350990585834,0.0649136812693344
7.21,1.2003731652888576,2.594913587185618,0.06731201975850702
7.22,1.2541698873735199,2.749192075312632,0.06997330605727951
7.23,1.309941612405949,2.9034705634396545,0.07299234108372432
7.24,1.3689558795914212,3.054095826893352,0.07639207663905821
7.25,1.4292082083262387,3.193410144723895,0.08000698533080539
7.26,1.4901090454916655,3.309119010819156,0.08363336992316127
7.2700000000000005,1.5525132431098743,3.4135169312912783,0.08725975451551747
7.28,1.6149174407280733,3.53379232822819,0.09088613910787334
7.29,1.6773216383462763,3.6806941126879296,0.09451252370022926
7.3,1.7397258359644863,3.851341857524231,0.09813890829258567
7.3100000000000005,1.8031617515404885,4.031333427005764,0.10176529288494193
7.32,1.8677178180420773,4.2113249964872805,0.1053916774772978
7.33,1.9321264962639788,4.391316565968809,0.10901806206965368
7.34,1.9945306938821823,4.579879162568499,0.11264444666200962
7.3500000000000005,2.0495065222043176,4.772727272727285,0.11627083125436606
7.36,2.118867446623606,4.965575382886053,0.11989721584672194
7.37,2.1856343373204585,5.158423493044822,0.12352360043907805
7.38,2.23943105940512,5.351271603203604,0.12700703522602538
7.390000000000001,2.29278561665073,5.544119713362392,0.1304067707813593
7.4,2.3358229943184563,5.7369678235211605,0.13380650633669294
7.41,2.378860371986183,5.935647042293109,0.1372062418920266
7.42,2.434101499211745,6.134888295630183,0.14060597744736048
7.43,2.4855400088214603,6.3155121539974655,0.14400571300269435
7.44,2.5221217798390314,6.5083602641562655,0.14688254665203093
7.45,2.5587330285125387,6.701208374315036,0.15003929248577996
7.46,2.5974666684134924,6.894056484473805,0.15416974353856897
7.47,2.6344611266141755,7.086904594632567,0.15734283005688057
7.48,2.672339914492964,7.279752704791341,0.16051591657519226
7.49,2.708508998327415,7.47260081495011,0.16352272727272726
7.5,2.772151257494956,7.665448925108907,0.16646916475401655
7.51,2.967971325883112,7.858297035267668,0.16941560223530583
7.5200000000000005,3.027958355714515,8.051145145426448,0.17231613611416036
7.53,3.082698362789154,8.2384431642546,0.17480927552140502
7.54,3.1352570233244683,8.418434733736117,0.17689876259854306
7.55,3.186105979815447,8.598075031614432,0.1787845524398762
7.5600000000000005,3.235598964133337,8.765210060418724,0.1805977447360544
7.57,3.2850919484512224,8.921736686806243,0.1824694391777269
7.58,3.332521496853532,9.059997189827174,0.18452000798323523
7.59,3.3798626122880315,9.177743431221016,0.1867864983534578
7.6000000000000005,3.427203727722537,9.286216102290297,0.18905298872368048
7.61,3.472334018961778,9.415203034986664,0.1913194790939029
7.62,3.5132195277461187,9.569481523113678,0.19349191697435383
7.63,3.5541050365304585,9.713292117465224,0.19553175830755404
7.640000000000001,3.5929860647111,9.854714064915001,0.19757159964075455
7.65,3.6301573888474037,9.996136012364765,0.19961144097395475
7.66,3.66673915986497,10.137557959814531,0.2012965272926854
7.67,3.7019649587094445,10.278979907264304,0.20275346771779265
7.68,3.734242991960244,10.420401854714068,0.2041133619399261
7.69,3.766521025211039,10.551496417029657,0.2054732561620597
7.7,3.7812893308353748,10.680061823802163,0.20683315038419323
7.71,3.792697183682916,10.803498665167899,0.2081930446063268
7.72,3.802395332486123,10.919207531263162,0.20938778565013474
7.73,3.811002808019669,11.034916397358451,0.21052103083524606
7.74,3.821202076973801,11.150625263453703,0.21165427602035727
7.75,3.8491763724578254,11.245960376563154,0.2127656920467019
7.76,3.9092223576010867,11.335956161303914,0.21367228819479087
7.7700000000000005,3.944890321284616,11.42595194604468,0.21457888434287997
7.78,3.9654067698166275,11.51594773078544,0.21533255164155277
7.79,3.984773589767105,11.605943515526205,0.2159073445763896
7.8,4.003786677846341,11.695939300266964,0.2163606426504341
7.8100000000000005,4.01669789114666,11.775888717156107,0.2168139407244786
7.82,4.027781489778896,11.853027961219615,0.2172672387985231
7.83,4.038540834195828,11.925319657158914,0.21734357848518113
7.84,4.048356893622783,11.98735422228467,0.21762498752619502
7.8500000000000005,4.055962128854477,12.03878038499368,0.21789242590559824
7.86,4.060383777244997,12.090206547702685,0.21789242590559824
7.87,4.068991252778542,12.131726851201348,0.21789242590559824
7.88,4.070524090887256,12.162990023886469,0.21744436682965773
7.890000000000001,4.070524090887256,12.188703105240974,0.21699106875561322
7.9,4.070524090887256,12.214416186595479,0.21653777068156868
7.91,4.070524090887256,12.24012926794998,0.21608447260752417
7.92,4.070524090887256,12.265842349304481,0.21569703622392974
7.930000000000001,4.061916615353709,12.291555430658986,0.21569703622392974
7.94,4.049889731731495,12.31726851201349,0.2150616205967468
7.95,4.0369785184311775,12.333848531684698,0.21421764294980544
7.96,4.02406730513086,12.333848531684698,0.2133110468017164
7.97,4.010389672776185,12.333848531684698,0.21240445065362734
7.98,3.993174721709091,12.333848531684698,0.21147714798922254
7.99,3.9759597706420005,12.333848531684698,0.21034390280411133
8.0,3.95709407084245,12.319797667556555,0.20901107673884842
8.01,3.935310083105156,12.289658564001686,0.2076511825167149
8.02,3.91087310633355,12.251088941969929,0.2061872567608023
8.03,3.8856991881635228,12.21251931993818,0.20454445664105378
8.040000000000001,3.864180499329656,12.173949697906416,0.20273126434487562
8.05,3.8467297270150684,12.125895742588165,0.20091807204869758
8.06,3.8247393956862146,12.07446957987916,0.19910487975251973
8.07,3.796470323642823,12.018757903611068,0.1971521055782857
8.08,3.763484826649545,11.954475200224808,0.1950204570402156
8.09,3.7287896256119324,11.890192496838557,0.192753966669993
8.1,3.6922078545943644,11.825909793452304,0.1904874762997704
8.11,3.655626083576797,11.742939440775618,0.18822098592954814
8.120000000000001,3.6389712079725043,11.646199241253326,0.1857793633369921
8.13,3.623819692820989,11.54334691583531,0.18315886638060044
8.14,3.6016524955565137,11.440494590417293,0.1804390779363335
8.15,3.5777755942477065,11.337642264999293,0.17768748128929254
8.16,3.5519531676470706,11.234789939581288,0.17474104380800318
8.17,3.5299628363182185,11.131937614163276,0.1717946063267138
8.18,3.3949551721276796,11.029085288745259,0.16884816884542445
8.19,3.2717090926559176,10.930237459603767,0.1656714649236603
8.2,3.216733264333788,10.838836588450201,0.1622043708212756
8.21,3.1586328044823464,10.735984263032165,0.15857798622891886
8.22,3.100532344630915,10.598145285935082,0.15495160163656327
8.23,3.0424318847794845,10.447660531122663,0.1521190499950105
8.24,2.981501569958121,10.293382042995637,0.14819379303462718
8.25,2.9181246096940026,10.139103554868617,0.1440724478594949
8.26,2.8530379453855503,9.984825066741612,0.1404460632671389
8.27,2.7862415770327638,9.830546578614586,0.13681967867478326
8.28,2.717381772764391,9.664746381902503,0.1331932940824271
8.290000000000001,2.648521968496014,9.488689054376831,0.12993937730765348
8.3,2.5783061920545585,9.3086974848953,0.12704320926055263
8.31,2.508208326236855,9.124982436419819,0.12423273625386684
8.32,2.438405236978523,8.93101025713081,0.12115756910487963
8.33,2.365271172599324,8.725305606294775,0.11753118451252348
8.34,2.294259499447575,8.519600955458767,0.11346123141403076
8.35,2.22672618969636,8.313896304622743,0.10938154874763026
8.36,2.1652063217562567,8.108191653786708,0.1053018660812296
8.370000000000001,2.11223497403782,7.902487002950645,0.10114372318131855
8.38,2.0637442300217836,7.69678235211464,0.09683739147789572
8.39,2.00134003240358,7.491077701278636,0.09253105977447343
8.4,1.9283238786481283,7.27413235914009,0.08822472807105056
8.41,1.8517998838361975,7.0469298861879945,0.08375661111665514
8.42,1.8052841427679298,6.815512153997472,0.07922363037620996
8.43,1.7752464113683317,6.584094421806958,0.07469064963576451
8.44,1.7343609025839914,6.353519741464109,0.07015766889531994
8.45,1.6934753937996512,6.134958549950855,0.06562468815487477
8.46,1.6340189617751182,5.88309681045383,0.06089437181917937
8.47,1.4359585915357531,5.634466769706314,0.05613474204171218
8.48,1.278872163048556,5.39019249683854,0.05137511226424505
8.49,1.1927974077131027,5.14922017704089,0.04656147091108695
8.5,1.1067226523776477,4.919910074469575,0.04157519209659656
8.51,1.0206478970421817,4.727061964310821,0.0365889132821076
8.52,0.9345731417067276,4.556133202191945,0.03178774573395872
8.53,0.8484983863712834,4.372277645075177,0.02702811595649171
8.540000000000001,0.7624236310358209,4.1563861177462105,0.02217892425905578
8.55,0.6763488757003676,3.90578895602078,0.017192645444566085
8.56,0.5902741203649143,3.635801601798486,0.01220636663007639
8.57,0.504199365029461,3.3658142475762305,0.007440749426204427
8.58,0.4161790844021674,3.0958268933539412,0.0026811196487375242
8.59,0.32795246018332386,2.8258395391316458,-0.0020785101287295977
8.6,0.2407870315782091,2.5614725305606254,-0.006838139906196795
8.61,0.15471227624275583,2.3043417170156197,-0.011597769683663623
8.620000000000001,0.06863752090728721,2.046789377546723,-0.0163573994611319
8.63,-0.017437234428166082,1.7768020233244277,-0.020700154675182474
8.64,-0.10351198976361935,1.5068146691021322,-0.02452449855303901
8.65,-0.18958674509907264,1.2368273148798368,-0.027925107274723266
8.66,-0.275661500434526,0.9668399606575582,-0.031228420317333524
8.67,-0.36117618030718,0.6968526064353024,-0.03490682067657915
8.68,-0.445099066759247,0.42686525221304594,-0.039213152380001434
8.69,-0.529021953211314,0.15687789799075036,-0.04391190998902306
8.700000000000001,-0.6074619956591504,-0.11310945623159314,-0.04867153976649112
8.71,-0.6738456768288202,-0.383096810453864,-0.053330505937531636
8.72,-0.7303248656037267,-0.6530841646761363,-0.05786348667797666
8.73,-0.7849764397105525,-0.9230715188984233,-0.062396467418421184
8.74,-0.8500041487071311,-1.1930588731206793,-0.06692944815886637
8.75,-0.9317751662758118,-1.463046227342975,-0.07146242889931154
8.76,-1.0135461838444926,-1.7330335815652704,-0.07585919568905318
8.77,-1.0953172014131731,-1.9952227061964225,-0.08016552739247584
8.78,-1.1779725486599575,-2.2523535197414435,-0.08451252370022913
8.790000000000001,-1.250841314135738,-2.5068849234228168,-0.08904550444067512
8.8,-1.2809674785031464,-2.7511591962905717,-0.09357848518111965
8.81,-1.3218529872874927,-2.9568638471266064,-0.09793970162658412
8.82,-1.3627384960718343,-3.131797105522003,-0.1021220437082128
8.83,-1.4099617008825875,-3.3142475762259442,-0.10620172637461346
8.84,-1.4533528104215543,-3.5273289307292357,-0.11030984931643567
8.85,-1.5298473275775508,-3.7740621048194454,-0.11461618101985796
8.86,-1.820349626834663,-4.031192918364451,-0.11892251272328083
8.870000000000001,-1.905746396083619,-4.288323731909539,-0.12306930446063281
8.88,-1.9853655447689222,-4.5353379232823166,-0.12714898712703346
8.89,-2.0637761095608127,-4.7796121961500875,-0.13122866979343437
8.9,-2.141243389362721,-5.023886469017842,-0.13530835245983447
8.91,-2.218386414949324,-5.268160741885611,-0.13938803512623513
8.92,-2.293701825867845,-5.512435014753438,-0.14327262748228703
8.93,-2.366983278526728,-5.756709287621194,-0.14712566111166522
8.94,-2.4385550271412764,-6.00098356048895,-0.1509786947410436
8.950000000000001,-2.5095667002930377,-6.245257833356769,-0.15472819578884395
8.96,-2.5805783734447867,-6.484754812420977,-0.15812793134417782
8.97,-2.650794149886242,-6.716172544611488,-0.1615276668995112
8.98,-2.7153502163878316,-6.947590276802027,-0.164927402454845
8.99,-2.777931279941656,-7.166572994239157,-0.16805695539367324
9.0,-2.8403354775598597,-7.3851341857524195,-0.170916076239896
9.01,-2.9005583286387404,-7.603695377265693,-0.173556780760403
9.02,-2.9573617716289524,-7.822256568778968,-0.17582327113062562
9.03,-3.010333119347382,-8.040817760292228,-0.17765292884941622
9.040000000000001,-3.05552236589851,-8.259378951805553,-0.1796367627981241
9.05,-3.093047421906054,-8.453351131094585,-0.18192233809001107
9.06,-3.1325769585173022,-8.646199241253347,-0.1844154774972558
9.07,-3.1775893391327923,-8.839047351412116,-0.1869086169045003
9.08,-3.2264927703319364,-9.027399185049882,-0.18940175631174516
9.09,-3.273686497486752,-9.20739075453139,-0.19189489571899002
9.1,-3.3188757440378653,-9.38738232401292,-0.1940712004789941
9.11,-3.349208251996837,-9.555219896023607,-0.19611104181219427
9.120000000000001,-3.372937765025966,-9.712800337220756,-0.19815088314539475
9.13,-3.393483691213915,-9.853168469860897,-0.2001605378704721
9.14,-3.412319913357529,-9.973022340873964,-0.20174708112962791
9.15,-3.4301538951992936,-10.075874666291991,-0.2031396567208863
9.16,-3.4624319284500884,-10.178726991709993,-0.20449955094301972
9.17,-3.557644757125953,-10.293592805957573,-0.20585944516515314
9.18,-3.6164232030639294,-10.418715751018688,-0.2072193393872867
9.19,-3.6447217527632567,-10.54728115779119,-0.20857636463426807
9.200000000000001,-3.670544179363897,-10.675846564563722,-0.2097096098193794
9.21,-3.6963076506526593,-10.802796121961507,-0.21047936832651437
9.22,-3.7178263394865225,-10.918504988056776,-0.2110253467717793
9.23,-3.734127483219572,-11.010467893775466,-0.2114786448458238
9.24,-3.749190565403276,-11.100463678516228,-0.21185510428100987
9.25,-3.7633987955648136,-11.190459463256987,-0.21185510428100987
9.26,-3.7746592601326716,-11.276380497400583,-0.21228969164754016
9.27,-3.778962997899444,-11.353519741464094,-0.212403951701427
9.28,-3.7875115181211156,-11.430658985527609,-0.212403951701427
9.290000000000001,-3.7893980881010716,-11.496065758044125,-0.21225601237401454
9.3,-3.791874211199763,-11.551215399747088,-0.21185510428100987
9.31,-3.791402568704774,-11.602641562456093,-0.21185510428100987
9.32,-3.784210020656195,-11.650133483209215,-0.2112398962179423
9.33,-3.784210020656195,-11.687368273148799,-0.210402654425706
9.34,-3.7759562769938904,-11.713081354503304,-0.20949605827761703
9.35,-3.770591343613393,-11.738794435857804,-0.208651207464325
9.36,-3.763929393371676,-11.746522411128284,-0.20797126035325822
9.370000000000001,-3.755321917838129,-11.746522411128284,-0.20729131324219133
9.38,-3.746124889185847,-11.746522411128284,-0.20641852110567796
9.39,-3.7332136758855294,-11.746522411128284,-0.20551192495758902
9.4,-3.7162935013778085,-11.746522411128284,-0.2045080331304261
9.41,-3.699078550310717,-11.723619502599409,-0.20332526693942715
9.42,-3.680743448318027,-11.697906421244909,-0.20196362638459228
9.43,-3.660020656194457,-11.672193339890404,-0.20037708312543648
9.44,-3.6363500984772075,-11.646480258535899,-0.19860991916974355
9.450000000000001,-3.6126795407599532,-11.61971336237178,-0.19679672687356528
9.46,-3.6084642359609935,-11.58114374034003,-0.1949835345773873
9.47,-3.592782123002615,-11.531263172685119,-0.19317034228120947
9.48,-3.5691410429413017,-11.479837009976114,-0.1913571499850314
9.49,-3.5433186163406654,-11.42841084726711,-0.18954395768885332
9.5,-3.5173193238044087,-11.373471968526065,-0.18756236902504725
9.51,-3.4893450283203866,-11.308275958971475,-0.18540190599740541
9.52,-3.4670304427762293,-11.231136714907974,-0.1832082626484384
9.53,-3.3920687637289566,-11.153997470844462,-0.18116842131523808
9.540000000000001,-3.3209981352653193,-11.076858226780944,-0.1791285799820377
9.55,-3.2838562887849525,-10.993747365462974,-0.17668084522502742
9.56,-3.2452405595077454,-10.900379373331454,-0.17418770581778256
9.57,-3.2086587884901725,-10.797527047913439,-0.1718029637760701
9.58,-3.1702494028045223,-10.694674722495435,-0.1695364734058476
9.59,-3.1301303130745386,-10.59182239707742,-0.16725713501646558
9.6,-3.089244804290198,-10.488970071659402,-0.16476399560922073
9.61,-3.0483592955058594,-10.386117746241393,-0.16227085620197587
9.620000000000001,-3.0074737867215173,-10.280033722073894,-0.15977771679473057
9.63,-2.966588277937177,-10.164324855978625,-0.15728457738748589
9.64,-2.923934109796624,-10.048615989883373,-0.15479143798024134
9.65,-2.8808967321288947,-9.932907123788121,-0.15229829857299648
9.66,-2.837859354461168,-9.808908247857241,-0.14980515916575202
9.67,-2.795706306471545,-9.680342841084718,-0.14731201975850725
9.68,-2.7569726665705914,-9.554868624420402,-0.14481888035126242
9.69,-2.7246946333197966,-9.439159758325133,-0.14232574094401756
9.700000000000001,-2.695836008157665,-9.323450892229861,-0.13983260153677235
9.71,-2.6665941734683605,-9.186244204018546,-0.13733946212952786
9.72,-2.632341137269799,-9.04482225656878,-0.13506137112064648
9.73,-2.5906892094311016,-8.908950400449624,-0.13296215447560125
9.74,-2.545499962879988,-8.783335675144018,-0.13104181219439173
9.75,-2.5024036299003884,-8.667978080651968,-0.12922861989821355
9.76,-2.4593662522326616,-8.56512575523395,-0.12741542760203572
9.77,-2.417537458458344,-8.47288183223269,-0.12560223530585765
9.78,-2.3766519496740037,-8.382886047491931,-0.1235862189402257
9.790000000000001,-2.33544218667435,-8.276661514683141,-0.12139132821075725
9.8,-2.2924048090066167,-8.145285935084994,-0.11901756311745329
9.81,-2.2656390974160097,-8.004074750597162,-0.11652442371020862
9.82,-2.244592051077136,-7.875509343824641,-0.11405473505638133
9.83,-2.225225231126659,-7.746943937052119,-0.1120148937231813
9.84,-2.205150947433699,-7.618378530279609,-0.10997505238998101
9.85,-2.1815098673723887,-7.489813123507099,-0.10779238598942234
9.86,-2.142776227471435,-7.358578052550234,-0.10552589561919994
9.870000000000001,-2.0250424696598333,-7.217156105100456,-0.1033066809699629
9.88,-1.961547598771977,-7.075734157650682,-0.10126683963676257
9.89,-1.9228139588710231,-6.9446395953350954,-0.09922699830356224
9.9,-1.884080318970069,-6.8160741885625855,-0.09700878155872658
9.91,-1.8451403354775573,-6.687508781790075,-0.09474229118850412
9.92,-1.8042548266932172,-6.558943375017557,-0.0925586268835446
9.93,-1.765285365544769,-6.430377968245054,-0.09051878555034452
9.94,-1.7280256084406547,-6.31459884782916,-0.0884789442171442
9.950000000000001,-1.6914438374230805,-6.19888998173386,-0.0864391028839435
9.96,-1.654862066405513,-6.075593649009394,-0.08456541263346948
9.97,-1.6182802953879454,-5.947028242236891,-0.08275222033729154
9.98,-1.5816985243703776,-5.8208514823661694,-0.08086842630476
9.99,-1.5451167533528098,-5.7051426162709,-0.0788285849715597
10.0,-1.5127797647901413,-5.5894337501756475,-0.07678874363835968
10.01,-1.4845991257145597,-5.473724884080381,-0.07495060373216242
10.02,-1.4598378947276467,-5.358016017985111,-0.07313741143598444
10.03,-1.4381423399581663,-5.242307151889848,-0.07143037122043717
10.040000000000001,-1.4123199133575255,-5.128846424055076,-0.06984382796128114
10.05,-1.3793049387083103,-5.025994098637058,-0.06825728470212555
10.06,-1.3462310087472218,-4.935647042293091,-0.06667074144296974
10.07,-1.3139529754964268,-4.86546297597302,-0.06508419818381411
10.08,-1.2821465847406204,-4.793873823240128,-0.06349765492465825
10.09,-1.2520204203732117,-4.707320500210762,-0.0619111116655024
10.1,-1.2218942560057986,-4.602360545173537,-0.06032456840634677
10.11,-1.191768091638389,-4.486651679078268,-0.05873802514719096
10.120000000000001,-1.161641927270975,-4.370942812982977,-0.05760153677277715
10.13,-1.1417739871695767,-4.274764648025844,-0.056645544356850604
10.14,-1.1345814391209958,-4.184768863285084,-0.055609470112763154
10.15,-1.1152146191705186,-4.090206547702677,-0.054394521504839755
10.16,-1.093725407992595,-3.9873542222846745,-0.053034627282706234
10.17,-1.0705264927703326,-3.884501896866672,-0.05167473306057288
10.18,-1.0456178735037358,-3.793873823240127,-0.05031483883843934
10.19,-1.022979033744274,-3.703878038499368,-0.048954944616305784
10.200000000000001,-0.9958595902824078,-3.6138822537585926,-0.04771230416126123
10.21,-0.9183923104804999,-3.523886469017832,-0.04657905897615005
10.22,-0.8925109285679956,-3.4338906842770784,-0.04542410937032225
10.23,-0.8688403708507461,-3.343894899536313,-0.0440642151481887
10.24,-0.8451698131334964,-3.2659828579457644,-0.04270432092605533
10.25,-0.8214992554162467,-3.1888436138822542,-0.04149723081528796
10.26,-0.7981234742583649,-3.111704369818747,-0.04036398563017666
10.27,-0.7766047854245015,-3.034565125755242,-0.03923074044506537
10.28,-0.7550860965906383,-2.9574258816917287,-0.03810697535176129
10.290000000000001,-0.7335674077567711,-2.880286637628202,-0.037200379203672224
10.3,-0.7120487189229078,-2.8031473935647,-0.03629378305558321
10.31,-0.6905300300890445,-2.72600814950119,-0.03524660712503742
10.32,-0.6699546262451581,-2.648868905437683,-0.03411336193992622
10.33,-0.6570434129448383,-2.5758746662919796,-0.03307017762698336
10.34,-0.6441321996445202,-2.5131375579598147,-0.03239023051591658
10.35,-0.6297176258914268,-2.461711395250806,-0.031710283404849805
10.36,-0.6157157393214481,-2.410285232541804,-0.030854206167049265
10.370000000000001,-0.6021854952464549,-2.3588590698327887,-0.029947610018960128
10.38,-0.5869455471271299,-2.3074329071237836,-0.029121594651232353
10.39,-0.5697305960600393,-2.25600674441478,-0.028441647540165593
10.4,-0.5525156449929464,-2.2031754952929563,-0.027761700429098913
10.41,-0.5353006939258549,-2.1388927919066956,-0.027081753318032146
10.42,-0.5180857428587642,-2.0746100885204433,-0.02640180620696537
10.43,-0.5019909427172721,-2.019390192496838,-0.02572185909589859
10.44,-0.489079729416954,-1.9679640297878331,-0.025041911984831848
10.450000000000001,-0.47616851611663363,-1.9165378670788207,-0.02436196487376504
10.46,-0.46325730281631566,-1.865111704369812,-0.023682017762698265
10.47,-0.4503460895159977,-1.8136855416608033,-0.023201526793733104
10.48,-0.4383781612056574,-1.7622593789518013,-0.02274822871968863
10.49,-0.4291221772415027,-1.7108332162428004,-0.022294930645644147
10.5,-0.4247594841628564,-1.6657299423914596,-0.021841632571599632
10.51,-0.4183038775126975,-1.627160320359703,-0.021388334497555114
10.52,-0.4136169302187463,-1.588590698327947,-0.020935036423510665
10.53,-0.4093131924519736,-1.5500210762961961,-0.02048173834946616
10.540000000000001,-0.4041251250070957,-1.5114514542644335,-0.02002844027542156
10.55,-0.39369003480546394,-1.4728818322326809,-0.019575142201377068
10.56,-0.36786760820482756,-1.4343122102009271,-0.019121844127332605
10.57,-0.3398933127208094,-1.3957425881691707,-0.018668546053288087
10.58,-0.3273063536357964,-1.3571729661374148,-0.01821524797924357
10.59,-0.31869887810225106,-1.318603344105664,-0.017761949905199102
10.6,-0.31009140256870577,-1.2800337220739082,-0.017308651831154615
10.61,-0.3014839270351604,-1.250105381480963,-0.016855353757110097
10.620000000000001,-0.2928764515016135,-1.224392300126456,-0.0164020556830655
10.63,-0.284268975968067,-1.195236757060555,-0.015948757609020984
10.64,-0.27566150043452137,-1.156667135028799,-0.015495459534976526
10.65,-0.267054024900976,-1.118097512997048,-0.015042161460932027
10.66,-0.25844654936743067,-1.0906280736265268,-0.014818880351262349
10.67,-0.25113609069510495,-1.064914992272025,-0.014684412733260176
10.68,-0.25113609069510495,-1.0392019109175226,-0.014231114659215605
10.69,-0.24300025765654826,-1.0200927357032457,-0.013777816585171153
10.700000000000001,-0.23439278212300144,-1.018687649290426,-0.013324518511126563
10.71,-0.23038382091559784,-0.9929745679359256,-0.013172338090010977
10.72,-0.22755396594566435,-0.9672614865814219,-0.012966769783454733
10.73,-0.218946490412119,-0.94154840522692,-0.012623490669593854
10.74,-0.21033901487857365,-0.9158353238724177,-0.012609021055782823
10.75,-0.20173153934502835,-0.8901222425179143,-0.012155722981738304
10.76,-0.19925541624633714,-0.8644091611634136,-0.012074643249176729
10.77,-0.1938020498980298,-0.8386960798089093,-0.011797974254066474
10.78,-0.1882307729259734,-0.8346213292117465,-0.011525795828759604
10.790000000000001,-0.19282928725211398,-0.8181818181818171,-0.011440225526394562
10.8,-0.17991807395179596,-0.7924687368273128,-0.010986927452350045
10.81,-0.17850314646682997,-0.7667556554728093,-0.010976948408342482
10.82,-0.17260761527947022,-0.7418856259659968,-0.010629178724678133
10.83,-0.16606357566150068,-0.7418856259659968,-0.010428100987925357
10.84,-0.16117028477599193,-0.7205283124912197,-0.010428100987925357
10.85,-0.1553042312445686,-0.7109737248840804,-0.010366979343378917
10.86,-0.15745610012795494,-0.700014050864129,-0.009913681269334467
10.870000000000001,-0.15032250739124764,-0.6743009695096209,-0.009879253567508232
10.88,-0.14737474179756926,-0.6485878881551203,-0.009879253567508232
10.89,-0.1434836912139111,-0.6228748068006159,-0.009879253567508232
10.9,-0.13699860690781573,-0.6182380216383307,-0.009747031234407712
10.91,-0.136644875036575,-0.6023605451735283,-0.009330406147091108
10.92,-0.12803739950302967,-0.5873261205564142,-0.009330406147091108
10.93,-0.12662247201806215,-0.581846283546437,-0.008935984432691403
10.94,-0.12119858332569103,-0.5564142194744977,-0.008781558726673985
10.950000000000001,-0.11624633712830858,-0.5564142194744977,-0.008781558726673985
10.96,-0.11624633712830858,-0.5564142194744977,-0.008781558726673985
10.97,-0.11624633712830858,-0.5564142194744977,-0.00876933439776465
10.98,-0.11624633712830858,-0.5564142194744977,-0.008316036323720197
10.99,-0.10928961032722358,-0.5512153997470817,-0.00823271130625686
11.0,-0.10587020223855505,-0.5255023183925811,-0.00823271130625686
11.01,-0.10587020223855505,-0.5255023183925811,-0.00823271130625686
11.02,-0.10421945350609498,-0.5049880567654921,-0.008149386288793591
11.03,-0.0956119779725509,-0.4945904173106646,-0.007696088214749075
11.040000000000001,-0.09549406734880146,-0.48447379513839833,-0.007683863885839737
11.05,-0.09549406734880146,-0.46367851622874806,-0.007683863885839737
11.06,-0.09549406734880146,-0.46367851622874806,-0.007683863885839737
11.07,-0.09231048050762677,-0.46367851622874806,-0.007529438179822341
11.08,-0.08511793245904788,-0.46367851622874806,-0.007135016465422613
11.09,-0.08511793245904788,-0.4486440916116339,-0.007135016465422613
11.1,-0.08511793245904788,-0.4327666151468315,-0.007135016465422613
11.11,-0.08511793245904788,-0.4327666151468315,-0.007135016465422613
11.120000000000001,-0.08040150750915893,-0.4327666151468315,-0.007135016465422613
11.13,-0.07474179756929435,-0.4327666151468315,-0.007135016465422613
11.14,-0.07474179756929435,-0.41281438808486476,-0.007100588763596454
11.15,-0.07474179756929435,-0.40185471406491496,-0.006647290689551936
11.16,-0.07073283636188937,-0.3923001264577756,-0.006586169045005488
11.17,-0.06642909859511699,-0.3709428129829984,-0.006586169045005488
11.18,-0.06436566267954076,-0.3709428129829984,-0.006586169045005488
11.19,-0.06436566267954076,-0.3709428129829984,-0.0064806406546252535
11.200000000000001,-0.06436566267954076,-0.3709428129829984,-0.0060373216245883645
11.21,-0.06436566267954076,-0.35647042293100917,-0.0060373216245883645
11.22,-0.05658356151222481,-0.3400309119010819,-0.0060373216245883645
11.23,-0.053989527789787176,-0.3400309119010819,-0.0060373216245883645
11.24,-0.053989527789787176,-0.3400309119010819,-0.0060373216245883645
11.25,-0.05522758933913261,-0.3400309119010819,-0.005956241892026721
11.26,-0.058116399620941624,-0.32064071940424493,-0.00550294381798227
11.27,-0.04520518632062175,-0.3091190108191654,-0.005488474204171241
11.28,-0.043613392900033646,-0.3091190108191654,-0.005488474204171241
11.290000000000001,-0.043613392900033646,-0.3091190108191654,-0.005488474204171241
11.3,-0.043613392900033646,-0.3091190108191654,-0.005336293783055552
11.31,-0.04137309104883675,-0.3091190108191654,-0.004939626783754116
11.32,-0.03323725801028006,-0.2900098356048895,-0.004939626783754116
11.33,-0.03323725801028006,-0.2782071097372488,-0.004939626783754116
11.34,-0.03323725801028006,-0.2782071097372488,-0.004939626783754116
11.35,-0.03323725801028006,-0.2782071097372488,-0.004716345674084439
11.36,-0.03323725801028006,-0.2782071097372488,-0.0043907793633369925
11.370000000000001,-0.03123277740657626,-0.25418013207812096,-0.0043907793633369925
11.38,-0.02286112312052649,-0.2472952086553323,-0.0043907793633369925
11.39,-0.02286112312052649,-0.2472952086553323,-0.0043907793633369925
11.4,-0.02286112312052649,-0.2472952086553323,-0.004096397565113266
11.41,-0.02286112312052649,-0.24406350990585823,-0.0038419319429198683
11.42,-0.019323804408110018,-0.2183504285513577,-0.0038419319429198683
11.43,-0.012484988230772931,-0.21638330757341576,-0.0038419319429198683
11.44,-0.012484988230772931,-0.21638330757341576,-0.0038419319429198683
11.450000000000001,-0.010333119347386267,-0.21638330757341576,-0.003476449456142007
11.46,-0.015020066641337732,-0.20823380637909022,-0.003293084522502744
11.47,-0.010067820443955301,-0.1854714064914992,-0.003293084522502744
11.48,-0.0021088533410193594,-0.1854714064914992,-0.003293084522502744
11.49,-0.0021088533410193594,-0.1854714064914992,-0.003293084522502744
11.5,-0.0021088533410193594,-0.1854714064914992,-0.002856501347170952
11.51,-0.0021088533410193594,-0.17240410285232727,-0.0027442371020856204
11.52,0.0011926441239022965,-0.1545595054095827,-0.0027442371020856204
11.53,0.007913549677491947,-0.1545595054095827,-0.0027442371020856204
11.540000000000001,0.014988187102324897,-0.1545595054095827,-0.0027442371020856204
11.55,0.01734639957726819,-0.1545595054095827,-0.0027442371020856204
11.56,0.008738924043722857,-0.13657439932555787,-0.0027442371020856204
11.57,0.008267281548734198,-0.12364760432766615,-0.0027442371020856204
11.58,0.008267281548734198,-0.12364760432766615,-0.0025232012773175883
11.59,0.008267281548734198,-0.12364760432766615,-0.0021953896816684962
11.6,0.008267281548734198,-0.12364760432766615,-0.0021953896816684962
11.61,0.008797879355596137,-0.12364760432766615,-0.0021953896816684962
11.620000000000001,0.013101617122370207,-0.10594351552620249,-0.0021953896816684962
11.63,0.013455348993610991,-0.0927357032457496,-0.0021953896816684962
11.64,0.013455348993610991,-0.0927357032457496,-0.0021953896816684962
11.65,0.013455348993610991,-0.0927357032457496,-0.0021953896816684962
11.66,0.013455348993610991,-0.0927357032457496,-0.0021953896816684962
11.67,0.013042661810496235,-0.0927357032457496,-0.0021953896816684962
11.68,0.008738924043722928,-0.0927357032457496,-0.0021953896816684962
11.69,0.008267281548734198,-0.0927357032457496,-0.0021953896816684962
11.700000000000001,0.008267281548734198,-0.0927357032457496,-0.0021953896816684962
11.71,0.008267281548734198,-0.0927357032457496,-0.002271978844426764
11.72,0.008267281548734198,-0.0927357032457496,-0.0027252769184712817
11.73,0.008267281548734198,-0.0927357032457496,-0.0027442371020856204
11.74,0.008267281548734198,-0.0927357032457496,-0.0027442371020856204
11.75,0.008267281548734198,-0.0927357032457496,-0.0027442371020856204
11.76,0.008267281548734198,-0.0927357032457496,-0.0027442371020856204
11.77,0.008267281548734198,-0.0927357032457496,-0.0027442371020856204
11.78,0.006144890321285233,-0.0927357032457496,-0.0027442371020856204
11.790000000000001,-0.0021088533410193594,-0.0927357032457496,-0.003154126334697144
11.8,-0.0021088533410193594,-0.0927357032457496,-0.003293084522502744
11.81,-0.0021088533410193594,-0.0927357032457496,-0.003293084522502744
11.82,-0.0021088533410193594,-0.0927357032457496,-0.003293084522502744
11.83,-0.005764082677183227,-0.0927357032457496,-0.0033207763696238217
11.84,-0.012484988230772931,-0.0927357032457496,-0.0037740744436683396
11.85,-0.012661854166392532,-0.11451454264436951,-0.0038419319429198683
11.86,-0.025573067466710515,-0.12364760432766615,-0.00413182317134017
11.870000000000001,-0.02457082716486076,-0.12364760432766615,-0.0043907793633369925
11.88,-0.02286112312052649,-0.12364760432766615,-0.004489571899012081
11.89,-0.02286112312052649,-0.12463116481663712,-0.004939626783754116
11.9,-0.02451187185298704,-0.15034424617113765,-0.004939626783754116
11.91,-0.033119347386533646,-0.1545595054095827,-0.005300618700728457
11.92,-0.03323725801028006,-0.17085850779822917,-0.005488474204171241
11.93,-0.039958163563870226,-0.1854714064914992,-0.005658367428400372
11.94,-0.046089515998724864,-0.1854714064914992,-0.0060373216245883645
11.950000000000001,-0.04880146034491041,-0.18617394969790899,-0.0060373216245883645
11.96,-0.05092385157236167,-0.21188703105240955,-0.00646941423011685
11.97,-0.06383506487267966,-0.21638330757341576,-0.006586169045005488
11.98,-0.07261940634184416,-0.23240129267950102,-0.00682716295778868
11.99,-0.08122688187539011,-0.2472952086553323,-0.007280461031833177
12.0,-0.08511793245904788,-0.25291555430658863,-0.0077337591058776346
12.01,-0.08806569805272667,-0.2782071097372488,-0.008187057179922153
12.02,-0.09667317358627328,-0.2782071097372488,-0.00864035525396661
12.030000000000001,-0.10528064911982143,-0.2991428972881851,-0.009093653328011188
12.040000000000001,-0.11388812465336563,-0.32485597864268945,-0.009546951402055704
12.05,-0.125620231716213,-0.3505690599971922,-0.010060747430396191
12.06,-0.13853144501653092,-0.3762821413516935,-0.010753417822572532
12.07,-0.1514426583168476,-0.4019952227061978,-0.011660013970661702
12.08,-0.16482551411215426,-0.4277083040606984,-0.012566610118750533
12.09,-0.18204046517924494,-0.453421385415202,-0.013473206266839554
12.1,-0.19925541624633558,-0.47913446676970634,-0.014379802414928667
12.11,-0.216470367313428,-0.5099761135309814,-0.015286398563017674
12.120000000000001,-0.23368531838052176,-0.5510748911058071,-0.01619349366330713
12.13,-0.25275736177163005,-0.6025010538148158,-0.017326738848418424
12.14,-0.2760741876176404,-0.6539272165238246,-0.01863935734956591
12.15,-0.29544100756811453,-0.7053533792328271,-0.01999925157169938
12.16,-0.30537497761881716,-0.7567795419418327,-0.021442969763496723
12.17,-0.318315668575073,-0.8082057046508384,-0.023065562319130085
12.18,-0.3333787507587773,-0.859631867359841,-0.02487875461530762
12.19,-0.3484418329424816,-0.9110580300688497,-0.02669194691148592
12.200000000000001,-0.3638586469974311,-0.9751299704931998,-0.028505139207664183
12.21,-0.38537733583129125,-1.049459041731078,-0.030318331503842128
12.22,-0.3995855659928299,-1.1265982857945862,-0.0321315238000202
12.23,-0.48592562023171393,-1.1988899817338803,-0.03396854106376638
12.24,-0.5723246297824746,-1.2609245468596255,-0.03600838239696641
12.25,-0.6072556520675852,-1.312350709568642,-0.03825092306157077
12.26,-0.643837423085153,-1.3762821413517003,-0.040517413431793124
12.27,-0.6804191941027207,-1.4603765631586378,-0.042891053787046954
12.280000000000001,-0.718769624476503,-1.5576787972460506,-0.04538419319429224
12.290000000000001,-0.7601562534117693,-1.6605311226640567,-0.04787733260153707
12.3,-0.8014249717232877,-1.7633834480820485,-0.05037047200878155
12.31,-0.8392742819461376,-1.8662357735000659,-0.05286361141602665
12.32,-0.873704184080319,-1.9690880989180979,-0.055071350164654254
12.33,-0.9081340862145003,-2.081705774905156,-0.057016265841732236
12.34,-0.9459833964373546,-2.204580581705773,-0.0588766091208463
12.35,-0.9897871931594373,-2.3331459884782935,-0.06091645045404633
12.36,-1.0387790573263955,-2.4636785162287205,-0.06340834248079019
12.370000000000001,-1.0904239105276816,-2.6051004636785198,-0.06625798323520649
12.38,-1.142068763728946,-2.7465224111282938,-0.06933489671689479
12.39,-1.1958065305017305,-2.8879443585780518,-0.07250798323520612
12.4,-1.2496032525863947,-3.0363917380918877,-0.07571599640754421
12.41,-1.304608558564461,-3.1906702262189057,-0.0791157319628776
12.42,-1.3613235685868599,-3.3449487143459122,-0.08251546751821145
12.43,-1.4194240284382968,-3.4992272024729383,-0.08591520307354569
12.44,-1.4775244882897192,-3.6535056905999643,-0.08943319030036945
12.450000000000001,-1.5376589064008077,-3.817268512013499,-0.09305957489272586
12.46,-1.5979112351356208,-3.9844035408177656,-0.09668595948508195
12.47,-1.660462821033509,-4.151538569622035,-0.10031234407743755
12.48,-1.7250188875351053,-4.322045805817045,-0.10393872866979365
12.49,-1.7893096551332641,-4.514893915975828,-0.10756511326214978
12.5,-1.8517138527514676,-4.70774202613461,-0.11119149785450566
12.51,-1.916093053317437,-4.891246311648157,-0.11487613511625568
12.52,-1.9821819579277336,-5.064493466348167,-0.11872916874563405
12.530000000000001,-2.04779922004306,-5.22333848531686,-0.12258220237501256
12.540000000000001,-2.112355286544654,-5.363214837712519,-0.12624588364434697
12.55,-2.1771176966377936,-5.4917802444850405,-0.12987226823670342
12.56,-2.2438256320227796,-5.632148377125204,-0.13349865282905946
12.57,-2.3086175197718735,-5.801180272586766,-0.13712503742141485
12.58,-2.37169970347662,-5.994379654348739,-0.14075142201377153
12.59,-2.4351356190526112,-6.200084305184774,-0.1441529039018062
12.6,-2.4996916855542057,-6.40438386960799,-0.14755263945713998
12.61,-2.5607104333433766,-6.597231979766744,-0.15095237501247358
12.620000000000001,-2.5736216466436965,-6.790080089925558,-0.15435211056780773
12.63,-2.5995325062121473,-6.98292820008432,-0.1577518461231416
12.64,-2.6232620192412686,-7.175776310243089,-0.1611515816784755
12.65,-2.6506172839506186,-7.368624420401872,-0.16433863885839728
12.66,-2.7131688698485172,-7.561472530560652,-0.16734682167448348
12.67,-2.8577567722185053,-7.7543206407194045,-0.16994187206865563
12.68,-2.911553494303172,-7.947168750878185,-0.1720696537271727
12.69,-2.9689464904121134,-8.140016861036948,-0.17392600538868386
12.700000000000001,-3.025690978090464,-8.33286497119575,-0.17619249575890683
12.71,-3.0807257617244725,-8.521989602360572,-0.17885989422213389
12.72,-3.134522483809131,-8.7019811718421,-0.1817323620397169
12.73,-3.1882897282378524,-8.881972741323604,-0.18467879952100608
12.74,-3.239934581439124,-9.050583110861334,-0.1875109769484083
12.75,-3.29157943464039,-9.217718139665578,-0.18999476100189605
12.76,-3.3406302541192257,-9.384853168469844,-0.1922612513721186
12.77,-3.387971369553732,-9.551988197274138,-0.19452774174234091
12.780000000000001,-3.435312484988244,-9.719123226078445,-0.1967942321125638
12.790000000000001,-3.482653600422736,-9.886258254882698,-0.19906072248278625
12.8,-3.523627542174886,-10.042152592384456,-0.20128230715497444
12.81,-3.5645130509592264,-10.196431080511452,-0.2033221484881748
12.82,-3.6041604981942212,-10.344667697063354,-0.2053619898213754
12.83,-3.6420982413848817,-10.486089644513132,-0.20740183115457556
12.84,-3.67408149807631,-10.626668540115233,-0.20918521105678084
12.85,-3.682688973609855,-10.755233946887717,-0.21077175431593656
12.86,-3.699550192805706,-10.861598988337782,-0.21235829757509217
12.870000000000001,-3.716765143872798,-10.955950540958275,-0.21394484083424825
12.88,-3.7351592011773613,-11.045946325699026,-0.21531982836044308
12.89,-3.751578255534158,-11.139244063509905,-0.2166797225825766
12.9,-3.7770764279194866,-11.242798932134328,-0.21792361041812197
12.91,-3.8954292165057525,-11.358507798229581,-0.2190568556032332
12.92,-3.925584858529086,-11.47421666432485,-0.22019010078834436
12.93,-3.9492554162463342,-11.581565266263862,-0.22132334597345582
12.94,-3.9718058230379873,-11.684417591681871,-0.22205792835046392
12.950000000000001,-3.990612567525669,-11.784108472671074,-0.22273787546153082
12.96,-4.003523780825985,-11.87354222284671,-0.22341782257259765
12.97,-4.016434994126305,-11.950681466910213,-0.2240977696836644
12.98,-4.029346207426621,-12.027820710973725,-0.22477771679473108
12.99,-4.039250699821387,-12.104959955037236,-0.22545766390579786
13.0,-4.049980566582383,-12.182099199100746,-0.22557628979143798
13.01,-4.062891779882702,-12.2562175073767,-0.22585495459534974
13.02,-4.075095529440535,-12.320078684839117,-0.2261251372118551
13.030000000000001,-4.079399267207308,-12.371504847548126,-0.2261251372118551
13.040000000000001,-4.087476144933992,-12.422931010257134,-0.2261251372118551
13.05,-4.090305999903924,-12.466277926092458,-0.2261251372118551
13.06,-4.092310480507626,-12.504847548124213,-0.2257753717193893
13.07,-4.095494067348801,-12.543417170155964,-0.22557628979143798
13.08,-4.095494067348801,-12.581705774905156,-0.22541762299171736
13.09,-4.095494067348801,-12.607418856259658,-0.22496432491767282
13.1,-4.0881836086764745,-12.633131937614161,-0.2245110268436284
13.11,-4.079576133142929,-12.642967542503863,-0.22384729567907394
13.120000000000001,-4.070968657609382,-12.653646199241257,-0.22300469015068347
13.13,-4.061358941773986,-12.67387944358578,-0.2220980940025945
13.14,-4.048329817849918,-12.67387944358578,-0.22119149785450548
13.15,-4.03111486678283,-12.67387944358578,-0.22028490170641646
13.16,-4.01389991571574,-12.653084164676127,-0.21937830555832757
13.17,-3.996684964648648,-12.642967542503863,-0.21827350064863776
13.18,-3.9785856839034532,-12.632569903049035,-0.2169898213751123
13.19,-3.9583345342748744,-12.606856821694535,-0.21552726773775088
13.200000000000001,-3.9346639765576166,-12.581143740340023,-0.21388583973655292
13.21,-3.9066896810735985,-12.542574118308272,-0.2120726474403751
13.22,-3.8752959775009046,-12.493747365462971,-0.21025945514419703
13.23,-3.841750405044825,-12.442321202753963,-0.20844626284801895
13.24,-3.8073205029106436,-12.390895040044956,-0.20663307055184105
13.25,-3.772890600776462,-12.33700997611353,-0.2047294431693444
13.26,-3.738460698642281,-12.272727272727268,-0.20264694142301173
13.27,-3.701937882936587,-12.195728537305058,-0.20038045105278948
13.280000000000001,-3.6637053631865517,-12.118589293241527,-0.1978924259055981
13.290000000000001,-3.6225545554987835,-12.03393283686945,-0.19539928649835325
13.3,-3.585648530265912,-11.939019249683838,-0.19290614709110862
13.31,-3.5611231205264917,-11.836166924265832,-0.19033479692645444
13.32,-3.5439081694593986,-11.733314598847814,-0.18761500848218712
13.33,-3.52669321839231,-11.630462273429828,-0.18489522003792078
13.34,-3.507886473904633,-11.527609948011817,-0.18196612114559432
13.35,-3.4770233681388056,-11.417380918926515,-0.17885814788943205
13.36,-3.4057169184276965,-11.29211746522411,-0.17568506137112064
13.370000000000001,-3.282117107084679,-11.150695517774341,-0.1724459884243086
13.38,-3.228320385000021,-11.009273570324547,-0.16906446462428865
13.39,-3.172548659967597,-10.867851622874813,-0.16589137810597748
13.4,-3.1120015546734052,-10.716594070535349,-0.1631124638259655
13.41,-3.0495973570552013,-10.562315582408324,-0.16054198682766163
13.42,-2.9871931594370014,-10.40340030911902,-0.15794731064763973
13.43,-2.924582618227233,-10.236265280314761,-0.1550662359046006
13.44,-2.8600265517256522,-10.069130251510483,-0.1516545254964571
13.450000000000001,-2.793554437588151,-9.901995222706153,-0.14780149186707858
13.46,-2.7312681505936927,-9.715470001405063,-0.1439484582377003
13.47,-2.662762078196575,-9.52971757763102,-0.14009542460832225
13.48,-2.58706345775088,-9.363214837712517,-0.1361530785350763
13.49,-2.5160517845991217,-9.22368975692006,-0.13207339586867564
13.5,-2.4450401114473834,-9.095124350147538,-0.12799371320227498
13.51,-2.398170638507865,-8.942250948433328,-0.12391403053587491
13.52,-2.353718333355174,-8.759308697484908,-0.1198343478694744
13.530000000000001,-2.307556324158139,-8.559505409582671,-0.11562980241492844
13.540000000000001,-2.2602152087236327,-8.353800758746647,-0.11132347071150595
13.55,-2.212785660321316,-8.14633974989462,-0.10701713900808295
13.56,-2.163292676003438,-7.927778558381333,-0.10271080730465938
13.57,-2.117395965709843,-7.709217366868047,-0.09840447560123758
13.58,-1.9420333905418232,-7.490656175354784,-0.0940981438978146
13.59,-1.762455510574839,-7.265280314739361,-0.08967917373515606
13.6,-1.6806844930061557,-7.033862582548833,-0.08514619299471136
13.61,-1.5989134754374634,-6.802444850358325,-0.08061321225426618
13.620000000000001,-1.5171424578687804,-6.571027118167745,-0.07608023151382019
13.63,-1.4388498037006352,-6.339609385977205,-0.07154725077337559
13.64,-1.3704616419272655,-6.098918083462116,-0.06686608122941802
13.65,-1.3114768523977327,-5.847969650133472,-0.06210645145195089
13.66,-1.2556166943974925,-5.590838836588441,-0.057346821674483996
13.67,-1.1910606278959122,-5.333708023043432,-0.05258232711306286
13.68,-1.1095254315747156,-5.076577209498389,-0.04759604829857243
13.69,-1.024393961229237,-4.819446395953345,-0.042609769484083196
13.700000000000001,-0.9383192058937757,-4.562315582408282,-0.03775945514419629
13.71,-0.851448553848032,-4.305184768863258,-0.03299982536672912
13.72,-0.7632219296291836,-4.048053955318227,-0.028199780461031533
13.73,-0.6749953054103569,-3.7909231417732165,-0.02321350164654184
13.74,-0.5888321171070816,-3.5337923282281736,-0.018227222832052144
13.75,-0.5027573617716347,-3.2650695517774104,-0.013412458836443363
13.76,-0.41668260643618016,-2.9950821975551425,-0.008900309350364321
13.77,-0.33060785110071855,-2.7378811296894776,-0.004821874064464787
13.780000000000001,-0.24453309576524995,-2.5049880567654657,-0.0012518710707513307
13.790000000000001,-0.15845834042979667,-2.301672052831265,0.0019212154475602922
13.8,-0.0723835850943434,-2.1216804833497083,0.005508432292186203
13.81,0.013691170241109905,-1.9187860053392967,0.009612688354455317
13.82,0.09976592557656319,-1.6865252213010875,0.01414205169144806
13.83,0.18448470873892753,-1.4297456793592653,0.0189016814689158
13.84,0.26625572630761757,-1.1597583251369925,0.023661311246382582
13.85,0.3480267438762861,-0.8897709709147701,0.028420941023850017
13.86,0.4336888120286343,-0.6197836166924745,0.03318057080131685
13.870000000000001,0.5197635673640978,-0.3497962624700959,0.0377931344177231
13.88,0.6047771270858198,-0.07980890824784154,0.042326115158168275
13.89,0.6887000135378868,0.1901784459744311,0.046859095898613305
13.9,0.772446034054333,0.4566530841647176,0.05139207663905782
13.91,0.8542170516230136,0.7137838977097557,0.055925057379503
13.92,0.9359880691917049,0.9709147112547231,0.06027542161460887
13.93,1.0177590867603814,1.23921596178163,0.06444691148587944
13.94,1.09852786402721,1.509203316003899,0.06861366131124666
13.950000000000001,1.177026861786925,1.7732190529717597,0.07295928550045015
13.96,1.2515168983392064,2.030349866516813,0.07749226624089466
13.97,1.3117692270740327,2.2874806800618877,0.08180708013172397
13.98,1.3647110971365175,2.5446114936068547,0.08611341183514641
13.99,1.4218977496539102,2.8017423071518874,0.09041974353856903
14.0,1.489696358308554,3.058873120696906,0.09472607524199195
14.01,1.5671636381104594,3.316003934241929,0.0990324069454148
14.02,1.6431570351155265,3.5699030490375,0.10333873864883708
14.030000000000001,1.6668275928327836,3.8141773219053325,0.10743912783155417
14.040000000000001,1.7046474253996948,4.0584515947730875,0.11151881049795441
14.05,1.7654303519413765,4.3027258676408735,0.11548809999002087
14.06,1.8102953442771865,4.547000140508642,0.11934113361939912
14.07,1.8641215440178256,4.785583813404515,0.12320901107673826
14.08,2.109434596723831,5.004636785162288,0.1272886937431395
14.09,2.1825981387589777,5.183644794154846,0.13136837640954027
14.1,2.2557616807941065,5.3379232822818485,0.13530211555732963
14.11,2.3263901444186725,5.51369959252493,0.1389588114958585
14.120000000000001,2.3969006974195084,5.7099901643951245,0.14235854705119289
14.13,2.468148191818752,5.932345089222993,0.1457478046103183
14.14,2.5305523894369553,6.173668680623873,0.14824094401756316
14.15,2.605514068484246,6.405086412814411,0.15127856501347184
14.16,2.6725757357404576,6.636504145004916,0.1539167747729767
14.17,2.737131802242049,6.8573134747787,0.1562692096597145
14.18,2.7924908400913595,7.075874666291967,0.15880051891028857
14.19,2.8305759715617,7.294435857805235,0.1615203073545549
14.200000000000001,2.8650058736958925,7.510186876492931,0.1644571400059878
14.21,2.9014697340897087,7.7158915273289645,0.16740357748727727
14.22,2.938051505107279,7.921596178164969,0.17022852010777403
14.23,2.973483647543314,8.11683293522553,0.17294830855204088
14.24,3.0057911584500436,8.301812561472534,0.1756421514818882
14.25,3.052336377174231,8.481804130954048,0.17813529088913269
14.26,3.230941494495323,8.66179570043558,0.18042361041812185
14.27,3.2890714320026833,8.84178726991711,0.18269010078834444
14.280000000000001,3.3333468712197662,9.021778839398646,0.18495659115856727
14.290000000000001,3.370930882539187,9.191443023745983,0.1872230815287896
14.3,3.4019118989287627,9.35857805255026,0.18947585071350173
14.31,3.4300925380043426,9.525713081354528,0.19151569204670177
14.32,3.4602187023717508,9.687789799072654,0.19317034228120952
14.33,3.4941769620109437,9.829211746522429,0.19461206466420508
14.34,3.5271329813482852,9.970633693972182,0.1959719588863385
14.35,3.55941101459908,10.11205564142195,0.1973318531084722
14.36,3.5910994947311394,10.238302655613328,0.19869174733060574
14.370000000000001,3.6209308825391853,10.354011521708603,0.20005164155273936
14.38,3.646753309139825,10.469720387803848,0.20123116455443577
14.39,3.6725757357404585,10.585429253899136,0.2022318131922962
14.4,3.695568307371162,10.688492342279043,0.20313840934038513
14.41,3.7161142335591113,10.771251931993818,0.20400795828759602
14.42,3.7354810535095866,10.8334972600815,0.2046879053986629
14.43,3.754582574556633,10.889770970914714,0.20515193094501544
14.44,3.767493787856953,10.956301812561462,0.2052689352360044
14.450000000000001,3.7768087271329818,11.033441056624987,0.20550967967268743
14.46,3.7854162026665277,11.11058030068849,0.2058177826564215
14.47,3.794023678200073,11.17781368554166,0.2058177826564215
14.48,3.80168786874364,11.242096388927925,0.2058177826564215
14.49,3.8059326511985394,11.306379092314184,0.2058177826564215
14.5,3.8059326511985394,11.36644653646199,0.2055059375311845
14.51,3.8059326511985394,11.405016158493746,0.2052689352360044
14.52,3.8059326511985394,11.431221020092732,0.20514818880351268
14.530000000000001,3.8025132431098694,11.45693410144724,0.2046822921864085
14.540000000000001,3.7934930803932088,11.482647182801744,0.2040023450753417
14.55,3.782733735976277,11.508360264156247,0.20313092505737948
14.56,3.7698520003318974,11.530139103554868,0.20222432890929043
14.57,3.755260560643181,11.530139103554868,0.2013177327612014
14.58,3.7389594169101317,11.530139103554868,0.20036298772577602
14.59,3.7217444658430416,11.530139103554868,0.19922936832651425
14.6,3.703822051033465,11.516088239426725,0.1978694741043807
14.61,3.6823033621995984,11.490375158072222,0.19633033130426109
14.620000000000001,3.6607846733657343,11.462835464381056,0.19461231414030514
14.63,3.642508526684918,11.4242658423493,0.19279912184412717
14.64,3.6241144693803555,11.373612477167345,0.19098592954794932
14.65,3.6017998838362004,11.322186314458339,0.18917273725177125
14.66,3.5732360352334416,11.27076015174933,0.18735954495559343
14.67,3.540958001982642,11.21504847548124,0.18537932841033852
14.68,3.508679968731851,11.149079668399612,0.18333948707713804
14.69,3.4748396197164033,11.071940424336098,0.1812996457439376
14.700000000000001,3.440409717582216,10.994801180272582,0.17921240395170107
14.71,3.4100477319673157,10.927005760854287,0.17671926454445622
14.72,3.38852904313345,10.869467472249537,0.1742261251372117
14.73,3.3670103542995897,10.813896304622729,0.17173298572996698
14.74,3.345491665465724,10.746522411128284,0.16923984632272213
14.75,3.3239729766318598,10.65652662638752,0.16674670691547738
14.76,3.2939647228881976,10.554728115779112,0.16424209160762415
14.77,3.231088882775004,10.451875790361106,0.16152230316335706
14.780000000000001,3.1147995301043223,10.342419558802847,0.15880251471908982
14.790000000000001,3.069610283553216,10.226710692707583,0.15608272627482286
14.8,3.0263076069820536,10.111001826612329,0.15345773874862767
14.81,2.9832702293143294,9.995292960517059,0.1508705468516111
14.82,2.939230611344752,9.867921877195428,0.1479241093703226
14.83,2.8940413647936336,9.739356470422921,0.14520357249775454
14.84,2.8487342076187736,9.610791063650408,0.14266190998902303
14.85,2.8013930921842745,9.482225656877892,0.14016877058177835
14.86,2.7558795914178567,9.352395672333856,0.1376756311745335
14.870000000000001,2.732857542131212,9.210973724884056,0.13525209559924123
14.88,2.7173817727643916,9.069551777434283,0.1332122542660412
14.89,2.695361963779602,8.928129829984536,0.1313860892126533
14.9,2.6715734954386012,8.786707882534774,0.12940699530984934
14.91,2.6435991999545823,8.645285935084997,0.12713090010976963
14.92,2.6262368606078064,8.50386398763526,0.1246377607025249
14.93,2.516992667706028,8.362442040185465,0.12214462129528034
14.94,2.4013223458100263,8.221020092735689,0.11965148188803514
14.950000000000001,2.3622054963818844,8.07959814528592,0.1171583424807898
14.96,2.3299274631310944,7.938176197836167,0.1146652030735452
14.97,2.2976494298802996,7.796754250386399,0.11217206366630054
14.98,2.2602422844964973,7.655332302936644,0.1096789242590558
14.99,2.21897356618498,7.51391035548687,0.1071857848518113
15.0,2.1751108141510245,7.372488408037078,0.10469264544456645
15.01,2.130304777127085,7.231066460587326,0.10238873365931542
15.02,2.087267399459365,7.095686384712675,0.10012224328909304
15.030000000000001,2.0442300217916247,6.974005901362927,0.09785575291887025
15.040000000000001,2.0028433928563625,6.871153575944924,0.09558926254864772
15.05,1.9619578840720213,6.768301250526907,0.09332277217842547
15.06,1.921072375287677,6.6654489251088895,0.09128105977447369
15.07,1.880186866503337,6.554095826893355,0.08924121844127314
15.08,1.8393013577189965,6.432485597864274,0.08707214848817461
15.09,1.7984158489346562,6.303920191091757,0.08480565811795224
15.1,1.7591221335709073,6.176057327525659,0.08257284702125531
15.11,1.7215381222514876,6.060348461430389,0.08053300568805528
15.120000000000001,1.684956351233908,5.922720247295192,0.07870571799221616
15.13,1.6481092813129048,5.789658564001678,0.07689252569603809
15.14,1.6093756414119564,5.661093157229168,0.07496232910887123
15.15,1.5706420015109976,5.532527750456651,0.07292248777567109
15.16,1.5349740378274737,5.404524378249271,0.0709041013870871
15.17,1.5005441356932923,5.2888155121540015,0.0690909090909093
15.18,1.4661142335591089,5.1731066460587325,0.06727771679473103
15.19,1.4316843314249321,5.057397779963473,0.06561707913381884
15.200000000000001,1.3972544292907447,4.941688913868193,0.06403053587466284
15.21,1.3647405747924513,4.825980047772924,0.06244399261550721
15.22,1.3324625415416578,4.710271181677655,0.06085744935635141
15.23,1.301216226248651,4.594562315582403,0.05927090609719583
15.24,1.2710900618812404,4.4788534494871355,0.05768436283804006
15.25,1.2409638975138357,4.37122383026556,0.05637848019159768
15.26,1.2108377331464226,4.2683715048475515,0.055337790639656805
15.27,1.188139938075087,4.165519179429534,0.05438641353158375
15.280000000000001,1.1694511042111533,4.062666854011499,0.05325316834647226
15.290000000000001,1.1502906278522333,3.9598145285934963,0.05167261251372116
15.3,1.1277107434046447,3.8675003512715915,0.05008606925456541
15.31,1.1018883168040088,3.7775045665308347,0.04862763197285707
15.32,1.0760658902033728,3.687508781790077,0.04726773775072358
15.33,1.05024346360274,3.6002529155543006,0.045907843528589856
15.34,1.024421037002103,3.5232541801320707,0.0445479493064563
15.35,0.9985986104014632,3.4589714767458197,0.043188055084322934
15.36,0.9727761838008251,3.3946887733595608,0.04199181718391381
15.370000000000001,0.9469537572001884,3.3226078403821724,0.0408585719988024
15.38,0.9211313305995523,3.245468596318666,0.039725326813691224
15.39,0.8953089039989164,3.1657299423914447,0.03859208162857993
15.4,0.8733775279819379,3.0757341576506794,0.03745883644346863
15.41,0.8591398201644637,2.9857383729099407,0.036325591258357486
15.42,0.8518588391480746,2.9059997189827156,0.03519234607324614
15.43,0.8410994947311428,2.8288604749192117,0.03405910088813491
15.44,0.8303401503142095,2.751721230855708,0.03292585570302382
15.450000000000001,0.8195808058972769,2.674581986792172,0.031792610517912163
15.46,0.7989169690855786,2.597442742728659,0.03065936533280087
15.47,0.7574124295265604,2.533019530701139,0.029713102484781848
15.48,0.7002847323210493,2.4687368273148818,0.028806506336692864
15.49,0.6809179123705694,2.4044541239286263,0.027899910188603882
15.5,0.6615510924200924,2.3401714205423714,0.026993314040514957
15.51,0.6438055435461414,2.275888717156109,0.02608671789242592
15.52,0.6277696987165222,2.211606013769839,0.02540265442570611
15.530000000000001,0.6163913235249158,2.1473233103835847,0.024722707314639235
15.540000000000001,0.6114980326394076,2.083040606997328,0.023915776868575937
15.55,0.602890557105861,2.0187579036110725,0.02300918072048695
15.56,0.5942830815723169,1.954475200224818,0.02213401856102189
15.57,0.5856756060387709,1.892370380778419,0.021454071449955012
15.58,0.5759479795796257,1.8409442180694102,0.020774124338888415
15.59,0.5685785655954269,1.7895180553604089,0.020094177227821624
15.6,0.5619755706655856,1.7282562877617025,0.01952898912284202
15.610000000000001,0.5017232419307576,1.6639735843754355,0.01907569104879744
15.620000000000001,0.48816352019983594,1.6089644513137558,0.018622392974752985
15.63,0.4765493237607368,1.5724322045805805,0.018169094900708466
15.64,0.4636381104604197,1.5467191232260762,0.017715796826664007
15.65,0.4507268971601025,1.5210060418715754,0.017262498752619513
15.66,0.4378156838597826,1.4855978642686531,0.016706666001397023
15.67,0.42490447055946273,1.4399325558521836,0.01602671889033022
15.68,0.41199325725914615,1.3930026696641837,0.015353757110068915
15.69,0.3990820439588275,1.3544330476324322,0.01490045903602433
15.700000000000001,0.3881753112622101,1.3158634256006687,0.014447160961979774
15.71,0.37956783572866537,1.2772938035689176,0.013855777866480313
15.72,0.3707245389476238,1.2387241815371626,0.013175830755413537
15.73,0.3578133256473058,1.2001545595054062,0.012538419319429136
15.74,0.3449021123469894,1.1615849374736515,0.012085121245384686
15.75,0.33476179870473,1.1230153154419,0.011631823171340169
15.76,0.32615432317118453,1.0844456934101434,0.011178525097295703
15.77,0.3175468476376399,1.0458760713783923,0.010725227023251216
15.780000000000001,0.30893937210409184,1.0073064493466304,0.01027192894920664
15.790000000000001,0.30033189657054776,0.9755514964170257,0.009818630875162179
15.8,0.29172442103700164,0.9498384150625226,0.00936533280111766
15.81,0.28311694550345584,0.9225094843332843,0.009330406147091108
15.82,0.2745094699699105,0.8839398623015278,0.009007584073445764
15.83,0.26590199443636514,0.8453702402697765,0.00855428599940128
15.84,0.25729451890281985,0.8160741885625965,0.008100987925356734
15.85,0.2486870433692745,0.7903611072080922,0.007683863885839737
15.860000000000001,0.24007956783572762,0.7646480258535845,0.007683863885839737
15.870000000000001,0.23147209230218305,0.7389349444990835,0.007289941123640287
15.88,0.22286461676863803,0.7132218631445792,0.006836643049595813
15.89,0.21578997934380556,0.6875087817900783,0.0063833449755513316
15.9,0.21578997934380556,0.6617957004355751,0.0060373216245883645
15.91,0.20741832505775426,0.6360826190810708,0.006025596247879502
15.92,0.19881084952420924,0.6103695377265688,0.0055722981738349844
15.93,0.19020337399066392,0.5873261205564142,0.005488474204171241
15.94,0.18466157467454486,0.5873261205564142,0.0052145494461630325
15.950000000000001,0.18336455781332509,0.5641421947449767,0.004939626783754116
15.96,0.1747570822797785,0.5384291133904721,0.004856800718491093
15.97,0.17428543978479127,0.5255023183925811,0.004403502644446642
15.98,0.17428543978479127,0.5179148517633803,0.003950204570402126
15.99,0.16968692545865025,0.4945904173106646,0.0038419319429198683
16.0,0.16390930489503774,0.4945904173106646,0.003592455842730252
16.01,0.1628481092813125,0.4716875087817861,0.003293084522502744
16.02,0.15424063374776867,0.4459744274272863,0.003293084522502744
16.03,0.15353317000528416,0.42026134607277743,0.003293084522502744
16.04,0.14740181757042978,0.40185471406491496,0.003293084522502744
16.05,0.14315703511553057,0.3997470844456944,0.0029725077337589994
16.06,0.13796896767065686,0.3740340030911946,0.0027442371020856204
16.07,0.12323013970225564,0.3709428129829984,0.0026147590060872495
16.080000000000002,0.1318376152358,0.3535197414640934,0.0021953896816684962
16.09,0.12511670968221053,0.3400309119010819,0.0021953896816684962
16.1,0.12240476533602344,0.33300547983700335,0.00180371220437074
16.11,0.1182778935048716,0.3072923984825106,0.001646542261251372
16.12,0.11202863044626987,0.2815793171280017,0.00144596347669899
16.13,0.11143907732753346,0.2558662357735019,0.0010976948408342481
16.14,0.10283160179398915,0.2472952086553323,0.0010976948408342481
16.15,0.10350958788053452,0.2472952086553323,0.0010976948408342481
16.16,0.10566145676392102,0.2472952086553323,0.0010976948408342481
16.17,0.1048950377095639,0.2457496136012342,0.0008260153677276936
16.18,0.10165249555651631,0.22003653224673442,0.0005488474204171241
16.19,0.10165249555651631,0.21638330757341576,0.0004682666400557824
16.2,0.10165249555651631,0.19952227061964725,1.4968566011345401e-05
16.21,0.09805622153222587,0.1854714064914992,0.0
16.22,0.09646442811163954,0.17900800899255204,0.0
16.23,0.09463681344355733,0.1545595054095827,0.0
16.240000000000002,0.09127636066676274,0.1545595054095827,-0.0001516814689153529
16.25,0.09121740535489029,0.13278066601095823,-0.0005488474204171241
16.26,0.08691366758811558,0.12364760432766615,-0.0005488474204171241
16.27,0.08956665662242846,0.12364760432766615,-0.0005488474204171241
16.28,0.0757121583321278,0.12364760432766615,-0.0005488474204171241
16.29,0.06014795599750204,0.12364760432766615,-0.0007716295778864229
16.3,0.06014795599750204,0.12364760432766615,-0.0010976948408342481
16.31,0.06014795599750204,0.10214978221160746,-0.0010976948408342481
16.32,0.06014795599750204,0.0927357032457496,-0.0010976948408342481
16.330000000000002,0.06014795599750204,0.08163552058451531,-0.0010976948408342481
16.34,0.05519570980011959,0.061823802163833076,-0.0010976948408342481
16.35,0.049771821107748485,0.061823802163833076,-0.0010976948408342481
16.36,0.049771821107748485,0.061823802163833076,-0.0010976948408342481
16.37,0.049771821107748485,0.061823802163833076,-0.0011049296477398825
16.38,0.049771821107748485,0.04580581705775254,-0.0015582277217841866
16.39,0.04328673680165211,0.030911901081916538,-0.001646542261251372
16.4,0.0393956862179949,0.030911901081916538,-0.001646542261251372
16.41,0.0393956862179949,0.030911901081916538,-0.001646542261251372
16.42,0.0393956862179949,0.030911901081916538,-0.001646542261251372
16.43,0.0393956862179949,0.030911901081916538,-0.001646542261251372
16.44,0.0393956862179949,0.030911901081916538,-0.001646542261251372
16.45,0.0393956862179949,0.020373752985813818,-0.001646542261251372
16.46,0.03491508251560111,0.0,-0.001646542261251372
16.47,0.02901955132824134,0.0,-0.0017959784452648703
16.48,0.02901955132824134,0.0,-0.0021953896816684962
16.490000000000002,0.02901955132824134,0.0,-0.0021953896816684962
16.5,0.02901955132824134,-0.015455950540958269,-0.0021953896816684962
16.51,0.02901955132824134,-0.030911901081916538,-0.0021953896816684962
16.52,0.02901955132824134,-0.030911901081916538,-0.0021953896816684962
16.53,0.02901955132824134,-0.030911901081916538,-0.0021953896816684962
16.54,0.02901955132824134,-0.030911901081916538,-0.0021953896816684962
16.55,0.02901955132824134,-0.030911901081916538,-0.0021953896816684962
16.56,0.02147327140842057,-0.030911901081916538,-0.0021953896816684962
16.57,0.018643416438487784,-0.030911901081916538,-0.002487027242790178
16.580000000000002,0.018643416438487784,-0.030911901081916538,-0.0027442371020856204
16.59,0.018643416438487784,-0.030911901081916538,-0.0027442371020856204
16.6,0.018643416438487784,-0.05620345651258134,-0.0027442371020856204
16.61,0.018643416438487784,-0.061823802163833076,-0.0027442371020856204
16.62,0.018643416438487784,-0.061823802163833076,-0.0027442371020856204
16.63,0.018643416438487784,-0.061823802163833076,-0.0027442371020856204
16.64,0.018643416438487784,-0.061823802163833076,-0.0027442371020856204
16.65,0.018643416438487784,-0.061823802163833076,-0.0027442371020856204
16.66,0.018643416438487784,-0.061823802163833076,-0.0027442371020856204
16.67,0.018643416438487784,-0.061823802163833076,-0.0027442371020856204
16.68,0.018643416438487784,-0.061823802163833076,-0.0027442371020856204
16.69,0.013337438369863026,-0.061823802163833076,-0.0027442371020856204
16.7,0.008267281548734198,-0.06603906140227417,-0.0027442371020856204
16.71,0.008267281548734198,-0.09175214275678306,-0.0027442371020856204
16.72,0.008267281548734198,-0.0927357032457496,-0.0027442371020856204
16.73,0.008267281548734198,-0.0927357032457496,-0.0027442371020856204
16.740000000000002,0.008267281548734198,-0.0927357032457496,-0.0027442371020856204
16.75,0.008267281548734198,-0.0927357032457496,-0.0027442371020856204
16.76,0.008267281548734198,-0.0927357032457496,-0.0027442371020856204
16.77,0.008267281548734198,-0.0927357032457496,-0.002771429997006223
16.78,0.008267281548734198,-0.0927357032457496,-0.003224728071050821
16.79,0.008267281548734198,-0.0927357032457496,-0.003293084522502744
16.8,0.008267281548734198,-0.0927357032457496,-0.003293084522502744
16.81,0.008267281548734198,-0.0927357032457496,-0.003293084522502744
16.82,0.008267281548734198,-0.0927357032457496,-0.003293084522502744
16.830000000000002,0.009240044194650028,-0.0927357032457496,-0.003293084522502744
16.84,0.01569565084480788,-0.0927357032457496,-0.003293084522502744
16.85,0.022151257494968022,-0.0927357032457496,-0.003293084522502744
16.86,0.02383148388336455,-0.0927357032457496,-0.003293084522502744
16.87,0.02383148388336455,-0.10130673036391924,-0.003293084522502744
16.88,0.02383148388336455,-0.12364760432766615,-0.003293084522502744
16.89,0.02383148388336455,-0.12364760432766615,-0.003293084522502744
16.9,0.02383148388336455,-0.12364760432766615,-0.003293084522502744
16.91,0.02383148388336455,-0.12364760432766615,-0.003293084522502744
16.92,0.02383148388336455,-0.12364760432766615,-0.003293084522502744
16.93,0.019468790804718687,-0.12364760432766615,-0.003293084522502744
16.94,0.014752365854830567,-0.12364760432766615,-0.003293084522502744
16.95,0.01699266770602899,-0.12364760432766615,-0.003293084522502744
16.96,-0.00022228336106472346,-0.12364760432766615,-0.003293084522502744
16.97,-0.0021088533410193594,-0.12364760432766615,-0.003293084522502744
16.98,-0.0021088533410193594,-0.12364760432766615,-0.003293084522502744
16.990000000000002,-0.0021088533410193594,-0.12364760432766615,-0.003293084522502744
17.0,-0.0021088533410193594,-0.12364760432766615,-0.003293084522502744
17.01,-0.0021088533410193594,-0.12364760432766615,-0.003293084522502744
17.02,-0.0021088533410193594,-0.12364760432766615,-0.003293084522502744
17.03,-0.0021088533410193594,-0.12364760432766615,-0.003293084522502744
17.04,-0.0021088533410193594,-0.12364760432766615,-0.003293084522502744
17.05,-0.0021088533410193594,-0.12364760432766615,-0.003293084522502744
17.06,-0.0021088533410193594,-0.12364760432766615,-0.003293084522502744
17.07,-0.0021088533410193594,-0.12364760432766615,-0.003293084522502744
17.080000000000002,-0.0021088533410193594,-0.12364760432766615,-0.003293084522502744
17.09,-0.0021088533410193594,-0.12364760432766615,-0.003293084522502744
17.1,-0.0021088533410193594,-0.12364760432766615,-0.003293084522502744
17.11,-0.0021088533410193594,-0.12364760432766615,-0.003293084522502744
17.12,-0.0021088533410193594,-0.12364760432766615,-0.003293084522502744
17.13,-0.0021088533410193594,-0.12364760432766615,-0.003293084522502744
17.14,-0.0021088533410193594,-0.12364760432766615,-0.003293084522502744
17.150000000000002,-0.0021088533410193594,-0.12364760432766615,-0.003293084522502744
17.16,-0.0021088533410193594,-0.12364760432766615,-0.003293084522502744
17.17,-0.0021088533410193594,-0.12364760432766615,-0.003293084522502744
17.18,-0.0021088533410193594,-0.12364760432766615,-0.003293084522502744
17.19,-0.0021088533410193594,-0.12364760432766615,-0.003293084522502744
17.2,-0.0021088533410193594,-0.12364760432766615,-0.003293084522502744
17.21,-0.0021088533410193594,-0.12364760432766615,-0.003293084522502744
17.22,-0.0021088533410193594,-0.12364760432766615,-0.003293084522502744
17.23,-0.0021088533410193594,-0.12364760432766615,-0.003293084522502744
17.240000000000002,-0.0021088533410193594,-0.12364760432766615,-0.003293084522502744
17.25,-0.0021088533410193594,-0.12364760432766615,-0.003293084522502744
17.26,-0.0021088533410193594,-0.12364760432766615,-0.003293084522502744
17.27,-0.0021088533410193594,-0.12364760432766615,-0.003293084522502744
17.28,-0.0021088533410193594,-0.12364760432766615,-0.003293084522502744
17.29,-0.0021088533410193594,-0.12364760432766615,-0.003293084522502744
17.3,-0.0021088533410193594,-0.12505269074047723,-0.003293084522502744
17.31,-0.0021088533410193594,-0.1507657720949846,-0.003293084522502744
17.32,-0.0021088533410193594,-0.1545595054095827,-0.0035535375711006688
17.330000000000002,-0.0021088533410193594,-0.1545595054095827,-0.0038419319429198683
17.34,-0.0021088533410193594,-0.1545595054095827,-0.0038419319429198683
17.35,-0.0021088533410193594,-0.1545595054095827,-0.0038419319429198683
17.36,-0.0021088533410193594,-0.1545595054095827,-0.0038419319429198683
17.37,-0.0021088533410193594,-0.1545595054095827,-0.0038419319429198683
17.38,-0.0021088533410193594,-0.1545595054095827,-0.0038419319429198683
17.39,-0.0021088533410193594,-0.1545595054095827,-0.0038419319429198683
17.400000000000002,-0.0021088533410193594,-0.1545595054095827,-0.0038419319429198683
17.41,-0.0021088533410193594,-0.1545595054095827,-0.0038419319429198683
17.42,-0.0021088533410193594,-0.1545595054095827,-0.0038419319429198683
17.43,-0.0021088533410193594,-0.1545595054095827,-0.0038419319429198683
17.44,-0.0021088533410193594,-0.1545595054095827,-0.0038419319429198683
17.45,-0.0021088533410193594,-0.1545595054095827,-0.0038419319429198683
17.46,-0.0021088533410193594,-0.1545595054095827,-0.0038419319429198683
17.47,-0.0021088533410193594,-0.1545595054095827,-0.0038419319429198683
17.48,-0.0021088533410193594,-0.1545595054095827,-0.0038419319429198683
17.490000000000002,-0.0021088533410193594,-0.1545595054095827,-0.0038419319429198683
17.5,-0.0021088533410193594,-0.1545595054095827,-0.0038419319429198683
17.51,0.002047496146069923,-0.1545595054095827,-0.0038419319429198683
17.52,0.008503102796227773,-0.1545595054095827,-0.0038419319429198683
17.53,0.013455348993610991,-0.1545595054095827,-0.0038419319429198683
17.54,0.013455348993610991,-0.1545595054095827,-0.0038419319429198683
17.55,0.013455348993610991,-0.1545595054095827,-0.0038419319429198683
17.56,0.013455348993610991,-0.1545595054095827,-0.0038419319429198683
17.57,0.013455348993610991,-0.1545595054095827,-0.0038419319429198683
17.580000000000002,0.013455348993610991,-0.1545595054095827,-0.0038419319429198683
17.59,0.013455348993610991,-0.1545595054095827,-0.0038419319429198683
17.6,0.013455348993610991,-0.1545595054095827,-0.0038419319429198683
17.61,0.006999742343453141,-0.1545595054095827,-0.0038419319429198683
17.62,0.010802359959300147,-0.1545595054095827,-0.0038419319429198683
17.63,0.005850113761917658,-0.1545595054095827,-0.0038419319429198683
17.64,-0.0021088533410193594,-0.1545595054095827,-0.0038419319429198683
17.650000000000002,-0.0021088533410193594,-0.1545595054095827,-0.0038419319429198683
17.66,-0.0021088533410193594,-0.1545595054095827,-0.0038419319429198683
17.67,-0.0021088533410193594,-0.1545595054095827,-0.0038419319429198683
17.68,-0.0021088533410193594,-0.1545595054095827,-0.0038419319429198683
17.69,-0.0021088533410193594,-0.1545595054095827,-0.0038419319429198683
17.7,-0.0021088533410193594,-0.1545595054095827,-0.0038419319429198683
17.71,-0.0021088533410193594,-0.1545595054095827,-0.0038419319429198683
17.72,-0.0021088533410193594,-0.1545595054095827,-0.0038419319429198683
17.73,-0.0021088533410193594,-0.1545595054095827,-0.0038419319429198683
17.740000000000002,-0.0021088533410193594,-0.1545595054095827,-0.0038419319429198683
17.75,-0.0021088533410193594,-0.1545595054095827,-0.0038419319429198683
17.76,-0.0021088533410193594,-0.1545595054095827,-0.0038419319429198683
17.77,-0.0021088533410193594,-0.1545595054095827,-0.0038419319429198683
17.78,-0.0021088533410193594,-0.1545595054095827,-0.0038419319429198683
17.79,-0.0021088533410193594,-0.1545595054095827,-0.0038419319429198683
17.8,-0.0021088533410193594,-0.1545595054095827,-0.0038419319429198683
17.81,-0.0021088533410193594,-0.1545595054095827,-0.0038419319429198683
17.82,-0.0021088533410193594,-0.1545595054095827,-0.0038419319429198683
17.830000000000002,-0.0021088533410193594,-0.1545595054095827,-0.0038419319429198683
17.84,-0.0021088533410193594,-0.1545595054095827,-0.0038419319429198683
17.85,-0.0021088533410193594,-0.1545595054095827,-0.0038419319429198683
17.86,-0.0021088533410193594,-0.1545595054095827,-0.0038419319429198683
17.87,-0.0021088533410193594,-0.1545595054095827,-0.0038419319429198683
17.88,-0.0021088533410193594,-0.1545595054095827,-0.0038419319429198683
17.89,-0.0021088533410193594,-0.1545595054095827,-0.0038419319429198683
17.900000000000002,-0.0021088533410193594,-0.1545595054095827,-0.0038419319429198683
17.91,-0.0021088533410193594,-0.1545595054095827,-0.0038419319429198683
17.92,-0.0021088533410193594,-0.1545595054095827,-0.0038419319429198683
17.93,-0.0021088533410193594,-0.1545595054095827,-0.0038419319429198683
17.94,-0.0021088533410193594,-0.1545595054095827,-0.0038419319429198683
17.95,-0.0021088533410193594,-0.1545595054095827,-0.0038419319429198683
17.96,-0.0021088533410193594,-0.1545595054095827,-0.0038419319429198683
17.97,-0.0021088533410193594,-0.1545595054095827,-0.0038419319429198683
17.98,-0.0021088533410193594,-0.1545595054095827,-0.0038419319429198683
17.990000000000002,-0.0021088533410193594,-0.1545595054095827,-0.0038419319429198683
18.0,-0.0021088533410193594,-0.1545595054095827,-0.0038419319429198683
18.01,-0.0021088533410193594,-0.1545595054095827,-0.0038419319429198683
18.02,-0.0021088533410193594,-0.1545595054095827,-0.0038419319429198683
18.03,-0.0021088533410193594,-0.1545595054095827,-0.0038419319429198683
18.04,-0.0021088533410193594,-0.1545595054095827,-0.0038419319429198683
18.05,-0.0021088533410193594,-0.1545595054095827,-0.0038419319429198683
18.06,-0.0021088533410193594,-0.1545595054095827,-0.0038419319429198683
18.07,-0.0021088533410193594,-0.1545595054095827,-0.0038419319429198683
18.080000000000002,-0.0021088533410193594,-0.1545595054095827,-0.0038419319429198683
18.09,-0.0021088533410193594,-0.1545595054095827,-0.0038419319429198683
18.1,-0.0021088533410193594,-0.1545595054095827,-0.0038419319429198683
18.11,-0.0021088533410193594,-0.1545595054095827,-0.0038419319429198683
18.12,-0.0021088533410193594,-0.1545595054095827,-0.0038419319429198683
18.13,-0.0021088533410193594,-0.1545595054095827,-0.0038419319429198683
18.14,-0.0021088533410193594,-0.1545595054095827,-0.0038419319429198683
18.150000000000002,-0.0021088533410193594,-0.1545595054095827,-0.0038419319429198683
18.16,-0.0021088533410193594,-0.1545595054095827,-0.0038419319429198683
18.17,-0.0021088533410193594,-0.1545595054095827,-0.0038419319429198683
18.18,-0.001224523662916509,-0.1545595054095827,-0.0038419319429198683
18.19,0.005231082987245538,-0.1545595054095827,-0.0038419319429198683
18.2,0.011686689637401746,-0.1545595054095827,-0.0038419319429198683
18.21,0.013455348993610991,-0.1545595054095827,-0.0038419319429198683
18.22,0.013455348993610991,-0.1545595054095827,-0.0038419319429198683
18.23,0.013455348993610991,-0.1545595054095827,-0.0038419319429198683
18.240000000000002,0.013455348993610991,-0.1545595054095827,-0.0038419319429198683
18.25,0.013455348993610991,-0.1545595054095827,-0.0038419319429198683
18.26,0.013455348993610991,-0.1545595054095827,-0.0038419319429198683
18.27,0.013455348993610991,-0.1545595054095827,-0.0038419319429198683
18.28,0.010271762152436184,-0.1545595054095827,-0.0038419319429198683
18.29,0.00753034015031249,-0.1545595054095827,-0.0038419319429198683
18.3,0.012394153379884214,-0.1545595054095827,-0.0038419319429198683
18.31,-0.0005170599204314865,-0.1545595054095827,-0.0038419319429198683
18.32,-0.0021088533410193594,-0.1545595054095827,-0.0038419319429198683
18.330000000000002,-0.0021088533410193594,-0.1545595054095827,-0.0038419319429198683
18.34,-0.0021088533410193594,-0.1545595054095827,-0.0038419319429198683
18.35,-0.0021088533410193594,-0.1545595054095827,-0.0038419319429198683
18.36,-0.0021088533410193594,-0.1545595054095827,-0.0038419319429198683
18.37,-0.0021088533410193594,-0.1545595054095827,-0.0038419319429198683
18.38,-0.0021088533410193594,-0.1545595054095827,-0.0038419319429198683
18.39,-0.0021088533410193594,-0.1545595054095827,-0.0038419319429198683
18.400000000000002,-0.0021088533410193594,-0.1545595054095827,-0.0038419319429198683
18.41,-0.0021088533410193594,-0.1545595054095827,-0.0038419319429198683
18.42,-0.0021088533410193594,-0.1545595054095827,-0.0038419319429198683
18.43,-0.0021088533410193594,-0.1545595054095827,-0.0038419319429198683
18.44,-0.0021088533410193594,-0.1545595054095827,-0.0038419319429198683
18.45,-0.0021088533410193594,-0.1545595054095827,-0.0038419319429198683
18.46,-0.0021088533410193594,-0.1545595054095827,-0.0038419319429198683
18.47,-0.0021088533410193594,-0.1545595054095827,-0.0038419319429198683
18.48,-0.0021088533410193594,-0.1545595054095827,-0.0038419319429198683
18.490000000000002,-0.0021088533410193594,-0.1545595054095827,-0.0038419319429198683
18.5,-0.0021088533410193594,-0.1545595054095827,-0.0038419319429198683
18.51,-0.0021088533410193594,-0.1545595054095827,-0.0038419319429198683
18.52,-0.0021088533410193594,-0.1545595054095827,-0.0038419319429198683
18.53,-0.0021088533410193594,-0.1545595054095827,-0.0038419319429198683
18.54,-0.0021088533410193594,-0.1545595054095827,-0.0038419319429198683
18.55,-0.0021088533410193594,-0.1545595054095827,-0.0038419319429198683
18.56,-0.0021088533410193594,-0.1545595054095827,-0.0038419319429198683
18.57,-0.0021088533410193594,-0.1545595054095827,-0.0038419319429198683
18.580000000000002,-0.0021088533410193594,-0.1545595054095827,-0.0038419319429198683
18.59,-0.0021088533410193594,-0.1545595054095827,-0.0038419319429198683
18.6,-0.0021088533410193594,-0.1545595054095827,-0.0038419319429198683
18.61,-0.0021088533410193594,-0.1545595054095827,-0.0038419319429198683
18.62,-0.0021088533410193594,-0.1545595054095827,-0.0038419319429198683
18.63,-0.0021088533410193594,-0.1545595054095827,-0.0038419319429198683
18.64,-0.0021088533410193594,-0.1545595054095827,-0.0038419319429198683
18.650000000000002,-0.0021088533410193594,-0.1545595054095827,-0.0038419319429198683
18.66,-0.0021088533410193594,-0.1545595054095827,-0.0038419319429198683
18.67,-0.0021088533410193594,-0.1545595054095827,-0.0038419319429198683
18.68,-0.0021088533410193594,-0.1545595054095827,-0.0038419319429198683
18.69,-0.0021088533410193594,-0.1545595054095827,-0.0038419319429198683
18.7,-0.0021088533410193594,-0.1545595054095827,-0.0038419319429198683
18.71,-0.0021088533410193594,-0.1545595054095827,-0.0038419319429198683
18.72,-0.0021088533410193594,-0.1545595054095827,-0.0038419319429198683
18.73,-0.0021088533410193594,-0.1545595054095827,-0.0038419319429198683
18.740000000000002,-0.0021088533410193594,-0.1545595054095827,-0.0038419319429198683
18.75,-0.0021088533410193594,-0.1545595054095827,-0.0038419319429198683
18.76,-0.0021088533410193594,-0.1545595054095827,-0.0038419319429198683
18.77,-0.0021088533410193594,-0.1545595054095827,-0.0038419319429198683
18.78,-0.0021088533410193594,-0.1545595054095827,-0.0038419319429198683
18.79,-0.0021088533410193594,-0.1545595054095827,-0.0038419319429198683
18.8,-0.0021088533410193594,-0.1545595054095827,-0.0038419319429198683
18.81,-0.0021088533410193594,-0.1545595054095827,-0.0038419319429198683
18.82,-0.0021088533410193594,-0.1545595054095827,-0.0038419319429198683
18.830000000000002,-0.0021088533410193594,-0.1545595054095827,-0.0038419319429198683
18.84,-0.0021088533410193594,-0.1545595054095827,-0.0038419319429198683
18.85,-0.0021088533410193594,-0.1545595054095827,-0.0038419319429198683
18.86,-0.0021088533410193594,-0.1545595054095827,-0.0038419319429198683
18.87,0.0006325686611039442,-0.1545595054095827,-0.0038419319429198683
18.88,0.0070881753112617945,-0.1545595054095827,-0.0038419319429198683
18.89,0.013455348993610991,-0.1545595054095827,-0.0038419319429198683
18.900000000000002,0.013455348993610991,-0.1545595054095827,-0.0038419319429198683
18.91,0.013455348993610991,-0.1545595054095827,-0.0038419319429198683
18.92,0.013455348993610991,-0.1545595054095827,-0.0038419319429198683
18.93,0.013455348993610991,-0.1545595054095827,-0.0038419319429198683
18.94,0.013455348993610991,-0.1545595054095827,-0.0038419319429198683
18.95,0.013455348993610991,-0.1545595054095827,-0.0038419319429198683
18.96,0.013455348993610991,-0.1545595054095827,-0.0038419319429198683
18.97,0.00841466982841912,-0.1545595054095827,-0.0038419319429198683
18.98,0.009387432474332656,-0.1545595054095827,-0.0038419319429198683
18.990000000000002,0.008679968731847374,-0.1545595054095827,-0.0038419319429198683
19.0,-0.0021088533410193594,-0.1545595054095827,-0.0038419319429198683
19.01,-0.0021088533410193594,-0.1545595054095827,-0.0038419319429198683
19.02,-0.0021088533410193594,-0.1545595054095827,-0.0038419319429198683
19.03,-0.0021088533410193594,-0.1545595054095827,-0.0038419319429198683
19.04,-0.0021088533410193594,-0.1545595054095827,-0.0038419319429198683
19.05,-0.0021088533410193594,-0.1545595054095827,-0.0038419319429198683
19.06,-0.0021088533410193594,-0.1545595054095827,-0.0038419319429198683
19.07,-0.0021088533410193594,-0.1545595054095827,-0.0038419319429198683
19.080000000000002,-0.0021088533410193594,-0.1545595054095827,-0.0038419319429198683
19.09,-0.0021088533410193594,-0.1545595054095827,-0.0038419319429198683
19.1,-0.0021088533410193594,-0.1545595054095827,-0.0038419319429198683
19.11,-0.0021088533410193594,-0.1545595054095827,-0.0038419319429198683
19.12,-0.0021088533410193594,-0.1545595054095827,-0.0038419319429198683
19.13,-0.0021088533410193594,-0.1545595054095827,-0.0038419319429198683
19.14,-0.0021088533410193594,-0.1545595054095827,-0.0038419319429198683
19.150000000000002,-0.0021088533410193594,-0.1545595054095827,-0.0038419319429198683
19.16,-0.0021088533410193594,-0.1545595054095827,-0.0038419319429198683
19.17,-0.0021088533410193594,-0.1545595054095827,-0.0038419319429198683
19.18,-0.0021088533410193594,-0.1545595054095827,-0.0038419319429198683
19.19,-0.0021088533410193594,-0.1545595054095827,-0.0038419319429198683
19.2,-0.0021088533410193594,-0.1545595054095827,-0.0038419319429198683
19.21,-0.0021088533410193594,-0.1545595054095827,-0.0038419319429198683
19.22,-0.0021088533410193594,-0.1545595054095827,-0.0038419319429198683
19.23,-0.0021088533410193594,-0.1545595054095827,-0.0038419319429198683
19.240000000000002,-0.0021088533410193594,-0.1545595054095827,-0.0038419319429198683
19.25,-0.0021088533410193594,-0.1545595054095827,-0.0038419319429198683
19.26,-0.0021088533410193594,-0.1545595054095827,-0.0038419319429198683
19.27,-0.0021088533410193594,-0.1545595054095827,-0.0038419319429198683
19.28,-0.0021088533410193594,-0.1545595054095827,-0.0038419319429198683
19.29,-0.0021088533410193594,-0.1545595054095827,-0.0038419319429198683
19.3,-0.0021088533410193594,-0.1545595054095827,-0.0038419319429198683
19.31,-0.0021088533410193594,-0.1545595054095827,-0.0038419319429198683
19.32,-0.0021088533410193594,-0.1545595054095827,-0.0038419319429198683
19.330000000000002,-0.0021088533410193594,-0.1545595054095827,-0.0038419319429198683
19.34,-0.0021088533410193594,-0.1545595054095827,-0.0038419319429198683
19.35,-0.0021088533410193594,-0.1545595054095827,-0.0038419319429198683
19.36,-0.0021088533410193594,-0.1545595054095827,-0.0038419319429198683
19.37,-0.0021088533410193594,-0.1545595054095827,-0.0038419319429198683
19.38,-0.0021088533410193594,-0.1545595054095827,-0.0038419319429198683
19.39,-0.0021088533410193594,-0.1545595054095827,-0.0038419319429198683
19.400000000000002,-0.0021088533410193594,-0.1545595054095827,-0.0038419319429198683
19.41,-0.0021088533410193594,-0.1545595054095827,-0.0038419319429198683
19.42,-0.0021088533410193594,-0.1545595054095827,-0.0038419319429198683
19.43,-0.0021088533410193594,-0.1545595054095827,-0.0038419319429198683
19.44,-0.0021088533410193594,-0.1545595054095827,-0.0038419319429198683
19.45,-0.0021088533410193594,-0.1545595054095827,-0.0038419319429198683
19.46,-0.0021088533410193594,-0.1545595054095827,-0.0038419319429198683
19.47,-0.0021088533410193594,-0.1545595054095827,-0.0038419319429198683
19.48,-0.0021088533410193594,-0.1545595054095827,-0.0038419319429198683
19.490000000000002,-0.0021088533410193594,-0.1545595054095827,-0.0038419319429198683
19.5,-0.0021088533410193594,-0.1545595054095827,-0.0038419319429198683
19.51,-0.0021088533410193594,-0.1545595054095827,-0.0038419319429198683
19.52,-0.0021088533410193594,-0.1545595054095827,-0.0038419319429198683
19.53,-0.0021088533410193594,-0.1545595054095827,-0.0038419319429198683
19.54,-0.0021088533410193594,-0.1545595054095827,-0.0038419319429198683
19.55,0.003816155502277396,-0.1545595054095827,-0.0038419319429198683
19.56,0.010271762152435245,-0.1545595054095827,-0.0038419319429198683
19.57,0.013455348993610991,-0.1545595054095827,-0.0038419319429198683
19.580000000000002,0.013455348993610991,-0.1545595054095827,-0.0038419319429198683
19.59,0.013455348993610991,-0.1545595054095827,-0.0038419319429198683
19.6,0.013455348993610991,-0.1545595054095827,-0.0038419319429198683
19.61,0.013455348993610991,-0.1545595054095827,-0.0038419319429198683
19.62,0.013455348993610991,-0.1545595054095827,-0.0038419319429198683
19.63,0.013455348993610991,-0.1545595054095827,-0.0038419319429198683
19.64,0.011686689637403517,-0.1545595054095827,-0.0038419319429198683
19.650000000000002,0.006115412665348388,-0.1545595054095827,-0.0038419319429198683
19.66,0.012571019315508141,-0.1545595054095827,-0.0038419319429198683
19.67,0.002312795049499168,-0.1545595054095827,-0.0038419319429198683
19.68,-0.0021088533410193594,-0.1545595054095827,-0.0038419319429198683
19.69,-0.0021088533410193594,-0.1545595054095827,-0.0038419319429198683
19.7,-0.0021088533410193594,-0.1545595054095827,-0.0038419319429198683
19.71,-0.0021088533410193594,-0.1545595054095827,-0.0038419319429198683
19.72,-0.0021088533410193594,-0.1545595054095827,-0.0038419319429198683
19.73,-0.0021088533410193594,-0.1545595054095827,-0.0038419319429198683
19.740000000000002,-0.0021088533410193594,-0.1545595054095827,-0.0038419319429198683
19.75,-0.0021088533410193594,-0.1545595054095827,-0.0038419319429198683
19.76,-0.0021088533410193594,-0.1545595054095827,-0.0038419319429198683
19.77,-0.0021088533410193594,-0.1545595054095827,-0.0038419319429198683
19.78,-0.0021088533410193594,-0.1545595054095827,-0.0038419319429198683
19.79,-0.0021088533410193594,-0.1545595054095827,-0.0038419319429198683
19.8,-0.0021088533410193594,-0.1545595054095827,-0.0038419319429198683
19.81,-0.0021088533410193594,-0.1545595054095827,-0.0038419319429198683
19.82,-0.0021088533410193594,-0.1545595054095827,-0.0038419319429198683
19.830000000000002,-0.0021088533410193594,-0.1545595054095827,-0.0038419319429198683
19.84,-0.0021088533410193594,-0.1545595054095827,-0.0038419319429198683
19.85,-0.0021088533410193594,-0.1545595054095827,-0.0038419319429198683
19.86,-0.0021088533410193594,-0.1545595054095827,-0.0038419319429198683
19.87,-0.0021088533410193594,-0.1545595054095827,-0.0038419319429198683
19.88,-0.0021088533410193594,-0.1545595054095827,-0.0038419319429198683
19.89,-0.0021088533410193594,-0.1545595054095827,-0.0038419319429198683
19.900000000000002,-0.0021088533410193594,-0.1545595054095827,-0.0038419319429198683
19.91,-0.0021088533410193594,-0.1545595054095827,-0.0038419319429198683
19.92,-0.0021088533410193594,-0.1545595054095827,-0.0038419319429198683
19.93,-0.0021088533410193594,-0.1545595054095827,-0.0038419319429198683
19.94,-0.0021088533410193594,-0.1545595054095827,-0.0038419319429198683
19.95,-0.0021088533410193594,-0.1545595054095827,-0.0038419319429198683
19.96,-0.0021088533410193594,-0.1545595054095827,-0.0038419319429198683
19.97,-0.0021088533410193594,-0.1545595054095827,-0.0038419319429198683
19.98,-0.0021088533410193594,-0.1545595054095827,-0.0038419319429198683
19.990000000000002,-0.0021088533410193594,-0.1545595054095827,-0.0038419319429198683
20.0,-0.0021088533410193594,-0.1545595054095827,-0.0038419319429198683
20.01,-0.0021088533410193594,-0.1545595054095827,-0.0038419319429198683
20.02,-0.0021088533410193594,-0.1545595054095827,-0.0038419319429198683
20.03,-0.0021088533410193594,-0.1545595054095827,-0.0038419319429198683
20.04,-0.0021088533410193594,-0.1545595054095827,-0.0038419319429198683
20.05,-0.0021088533410193594,-0.1545595054095827,-0.0038419319429198683
20.06,-0.0021088533410193594,-0.1545595054095827,-0.0038419319429198683
20.07,-0.0021088533410193594,-0.1545595054095827,-0.0038419319429198683
20.080000000000002,-0.0021088533410193594,-0.1545595054095827,-0.0038419319429198683
20.09,-0.0021088533410193594,-0.1545595054095827,-0.0038419319429198683
20.1,-0.0021088533410193594,-0.1545595054095827,-0.0038419319429198683
20.11,-0.0021088533410193594,-0.1545595054095827,-0.0038419319429198683
20.12,-0.0021088533410193594,-0.1545595054095827,-0.0038419319429198683
20.13,-0.0021088533410193594,-0.1545595054095827,-0.0038419319429198683
20.14,-0.0021088533410193594,-0.1545595054095827,-0.0038419319429198683
20.150000000000002,-0.0021088533410193594,-0.1545595054095827,-0.0038419319429198683
20.16,-0.0021088533410193594,-0.1545595054095827,-0.0038419319429198683
20.17,-0.0021088533410193594,-0.1545595054095827,-0.0038419319429198683
20.18,-0.0021088533410193594,-0.1545595054095827,-0.0038419319429198683
20.19,-0.0021088533410193594,-0.1545595054095827,-0.0038419319429198683
20.2,-0.0021088533410193594,-0.1545595054095827,-0.0038419319429198683
20.21,-0.0021088533410193594,-0.1545595054095827,-0.0038419319429198683
20.22,0.0005441356932914857,-0.1545595054095827,-0.0038419319429198683
20.23,0.0069997423434527495,-0.1545595054095827,-0.0038419319429198683
20.240000000000002,0.013455348993610991,-0.1545595054095827,-0.0038419319429198683
20.25,0.013455348993610991,-0.1545595054095827,-0.0038419319429198683
20.26,0.013455348993610991,-0.1545595054095827,-0.0038419319429198683
20.27,0.013455348993610991,-0.1545595054095827,-0.0038419319429198683
20.28,0.013455348993610991,-0.1545595054095827,-0.0038419319429198683
20.29,0.013455348993610991,-0.1545595054095827,-0.0038419319429198683
20.3,0.013455348993610991,-0.1545595054095827,-0.0038419319429198683
20.31,0.013455348993610991,-0.1545595054095827,-0.0038419319429198683
20.32,0.008503102796229232,-0.1545595054095827,-0.0038419319429198683
20.330000000000002,0.009298999506522777,-0.1545595054095827,-0.0038419319429198683
20.34,0.008856834667469268,-0.1545595054095827,-0.0038419319429198683
20.35,-0.0021088533410193594,-0.1545595054095827,-0.0038419319429198683
20.36,-0.0021088533410193594,-0.1545595054095827,-0.0038419319429198683
20.37,-0.0021088533410193594,-0.1545595054095827,-0.0038419319429198683
20.38,-0.0021088533410193594,-0.1545595054095827,-0.0038419319429198683
20.39,-0.0021088533410193594,-0.1545595054095827,-0.0038419319429198683
20.400000000000002,-0.0021088533410193594,-0.1545595054095827,-0.0038419319429198683
20.41,-0.0021088533410193594,-0.1545595054095827,-0.0038419319429198683
20.42,-0.0021088533410193594,-0.1545595054095827,-0.0038419319429198683
20.43,-0.0021088533410193594,-0.1545595054095827,-0.0038419319429198683
20.44,-0.0021088533410193594,-0.1545595054095827,-0.0038419319429198683
20.45,-0.0021088533410193594,-0.1545595054095827,-0.0038419319429198683
20.46,-0.0021088533410193594,-0.1545595054095827,-0.0038419319429198683
20.47,-0.0021088533410193594,-0.1545595054095827,-0.0038419319429198683
20.48,-0.0021088533410193594,-0.1545595054095827,-0.0038419319429198683
20.490000000000002,-0.0021088533410193594,-0.1545595054095827,-0.0038419319429198683
20.5,-0.0021088533410193594,-0.1545595054095827,-0.0038419319429198683
20.51,-0.0021088533410193594,-0.1545595054095827,-0.0038419319429198683
20.52,-0.0021088533410193594,-0.1545595054095827,-0.0038419319429198683
20.53,-0.0021088533410193594,-0.1545595054095827,-0.0038419319429198683
20.54,-0.0021088533410193594,-0.1545595054095827,-0.0038419319429198683
20.55,-0.0021088533410193594,-0.1545595054095827,-0.0038419319429198683
20.56,-0.0021088533410193594,-0.1545595054095827,-0.0038419319429198683
20.57,-0.0021088533410193594,-0.1545595054095827,-0.0038419319429198683
20.580000000000002,-0.0021088533410193594,-0.1545595054095827,-0.0038419319429198683
20.59,-0.0021088533410193594,-0.1545595054095827,-0.0038419319429198683
20.6,-0.0021088533410193594,-0.1545595054095827,-0.0038419319429198683
20.61,-0.0021088533410193594,-0.1545595054095827,-0.0038419319429198683
20.62,-0.0021088533410193594,-0.1545595054095827,-0.0038419319429198683
20.63,-0.0021088533410193594,-0.1545595054095827,-0.0038419319429198683
20.64,-0.0021088533410193594,-0.1545595054095827,-0.0038419319429198683
20.650000000000002,-0.0021088533410193594,-0.1545595054095827,-0.0038419319429198683
20.66,-0.0021088533410193594,-0.1545595054095827,-0.0038419319429198683
20.67,-0.0021088533410193594,-0.1545595054095827,-0.0038419319429198683
20.68,-0.0021088533410193594,-0.1545595054095827,-0.0038419319429198683
20.69,-0.0021088533410193594,-0.1545595054095827,-0.0038419319429198683
20.7,-0.0021088533410193594,-0.1545595054095827,-0.0038419319429198683
20.71,-0.0021088533410193594,-0.1545595054095827,-0.0038419319429198683
20.72,-0.0021088533410193594,-0.1545595054095827,-0.0038419319429198683
20.73,-0.0021088533410193594,-0.1545595054095827,-0.0038419319429198683
20.740000000000002,-0.0021088533410193594,-0.1545595054095827,-0.0038419319429198683
20.75,-0.0021088533410193594,-0.1545595054095827,-0.0038419319429198683
20.76,-0.0021088533410193594,-0.1545595054095827,-0.0038419319429198683
20.77,-0.0021088533410193594,-0.1545595054095827,-0.0038419319429198683
20.78,-0.0021088533410193594,-0.1545595054095827,-0.0038419319429198683
20.79,-0.0021088533410193594,-0.1545595054095827,-0.0038419319429198683
20.8,-0.0021088533410193594,-0.1545595054095827,-0.0038419319429198683
20.81,-0.0021088533410193594,-0.1545595054095827,-0.0038419319429198683
20.82,-0.0021088533410193594,-0.1545595054095827,-0.0038419319429198683
20.830000000000002,-0.0021088533410193594,-0.1545595054095827,-0.0038419319429198683
20.84,-0.0021088533410193594,-0.1545595054095827,-0.0038419319429198683
20.85,-0.0021088533410193594,-0.1545595054095827,-0.0038419319429198683
20.86,-0.0021088533410193594,-0.1545595054095827,-0.0038419319429198683
20.87,-0.0021088533410193594,-0.1545595054095827,-0.0038419319429198683
20.88,-0.0021088533410193594,-0.1545595054095827,-0.0038419319429198683
20.89,-0.0021088533410193594,-0.1545595054095827,-0.0038419319429198683
20.900000000000002,0.003727722534468742,-0.1545595054095827,-0.0038419319429198683
20.91,0.010183329184626593,-0.1545595054095827,-0.0038419319429198683
20.92,0.013455348993610991,-0.1545595054095827,-0.0038419319429198683
20.93,0.013455348993610991,-0.1545595054095827,-0.0038419319429198683
20.94,0.013455348993610991,-0.1545595054095827,-0.0038419319429198683
20.95,0.013455348993610991,-0.1545595054095827,-0.0038419319429198683
20.96,0.013455348993610991,-0.1545595054095827,-0.0038419319429198683
20.97,0.013455348993610991,-0.1545595054095827,-0.0038419319429198683
20.98,0.013455348993610991,-0.1545595054095827,-0.0038419319429198683
20.990000000000002,0.011775122605212171,-0.1545595054095827,-0.0038419319429198683
21.0,0.00602697969753731,-0.1545595054095827,-0.0038419319429198683
21.01,0.012482586347697455,-0.1545595054095827,-0.0038419319429198683
21.02,0.0024896609851223633,-0.1545595054095827,-0.0038419319429198683
21.03,-0.0021088533410193594,-0.1545595054095827,-0.0038419319429198683
21.04,-0.0021088533410193594,-0.1545595054095827,-0.0038419319429198683
21.05,-0.0021088533410193594,-0.1545595054095827,-0.0038419319429198683
21.06,-0.0021088533410193594,-0.1545595054095827,-0.0038419319429198683
21.07,-0.0021088533410193594,-0.1545595054095827,-0.0038419319429198683
21.080000000000002,-0.0021088533410193594,-0.1545595054095827,-0.0038419319429198683
21.09,-0.0021088533410193594,-0.1545595054095827,-0.0038419319429198683
21.1,-0.0021088533410193594,-0.1545595054095827,-0.0038419319429198683
21.11,-0.0021088533410193594,-0.1545595054095827,-0.0038419319429198683
21.12,-0.0021088533410193594,-0.1545595054095827,-0.0038419319429198683
21.13,-0.0021088533410193594,-0.1545595054095827,-0.0038419319429198683
21.14,-0.0021088533410193594,-0.1545595054095827,-0.0038419319429198683
21.150000000000002,-0.0021088533410193594,-0.1545595054095827,-0.0038419319429198683
21.16,-0.0021088533410193594,-0.1545595054095827,-0.0038419319429198683
21.17,-0.0021088533410193594,-0.1545595054095827,-0.0038419319429198683
21.18,-0.0021088533410193594,-0.1545595054095827,-0.0038419319429198683
21.19,-0.0021088533410193594,-0.1545595054095827,-0.0038419319429198683
21.2,-0.0021088533410193594,-0.1545595054095827,-0.0038419319429198683
21.21,-0.0021088533410193594,-0.1545595054095827,-0.0038419319429198683
21.22,-0.0021088533410193594,-0.1545595054095827,-0.0038419319429198683
21.23,-0.0021088533410193594,-0.1545595054095827,-0.0038419319429198683
21.240000000000002,-0.0021088533410193594,-0.1545595054095827,-0.0038419319429198683
21.25,-0.0021088533410193594,-0.1545595054095827,-0.0038419319429198683
21.26,-0.0021088533410193594,-0.1545595054095827,-0.0038419319429198683
21.27,-0.0021088533410193594,-0.1545595054095827,-0.0038419319429198683
21.28,-0.0021088533410193594,-0.1545595054095827,-0.0038419319429198683
21.29,-0.0021088533410193594,-0.1545595054095827,-0.0038419319429198683
21.3,-0.0021088533410193594,-0.1545595054095827,-0.0038419319429198683
21.31,-0.0021088533410193594,-0.1545595054095827,-0.0038419319429198683
21.32,-0.0021088533410193594,-0.1545595054095827,-0.0038419319429198683
21.330000000000002,-0.0021088533410193594,-0.1545595054095827,-0.0038419319429198683
21.34,-0.0021088533410193594,-0.1545595054095827,-0.0038419319429198683
21.35,-0.0021088533410193594,-0.1545595054095827,-0.0038419319429198683
21.36,-0.0021088533410193594,-0.1545595054095827,-0.0038419319429198683
21.37,-0.0021088533410193594,-0.1545595054095827,-0.0038419319429198683
21.38,-0.0021088533410193594,-0.1545595054095827,-0.0038419319429198683
21.39,-0.0021088533410193594,-0.1545595054095827,-0.0038419319429198683
21.400000000000002,-0.0021088533410193594,-0.1545595054095827,-0.0038419319429198683
21.41,-0.0021088533410193594,-0.1545595054095827,-0.0038419319429198683
21.42,-0.0021088533410193594,-0.1545595054095827,-0.0038419319429198683
21.43,-0.0021088533410193594,-0.1545595054095827,-0.0038419319429198683
21.44,-0.0021088533410193594,-0.1545595054095827,-0.0038419319429198683
21.45,-0.0021088533410193594,-0.1545595054095827,-0.0038419319429198683
21.46,-0.0021088533410193594,-0.1545595054095827,-0.0038419319429198683
21.47,-0.0021088533410193594,-0.1545595054095827,-0.0038419319429198683
21.48,-0.0021088533410193594,-0.1545595054095827,-0.0038419319429198683
21.490000000000002,-0.0021088533410193594,-0.1545595054095827,-0.0038419319429198683
21.5,-0.0021088533410193594,-0.1545595054095827,-0.0038419319429198683
21.51,-0.0021088533410193594,-0.1545595054095827,-0.0038419319429198683
21.52,-0.0021088533410193594,-0.1545595054095827,-0.0038419319429198683
21.53,-0.0021088533410193594,-0.1545595054095827,-0.0038419319429198683
21.54,-0.0021088533410193594,-0.1545595054095827,-0.0038419319429198683
21.55,-0.0021088533410193594,-0.1545595054095827,-0.0038419319429198683
21.56,-0.0021088533410193594,-0.1545595054095827,-0.0038419319429198683
21.57,0.00045570272548204997,-0.1545595054095827,-0.0038419319429198683
21.580000000000002,0.006911309375642194,-0.1545595054095827,-0.0038419319429198683
21.59,0.013366916025800044,-0.1545595054095827,-0.0038419319429198683
21.6,0.013455348993610991,-0.1545595054095827,-0.0038419319429198683
21.61,0.013455348993610991,-0.1545595054095827,-0.0038419319429198683
21.62,0.013455348993610991,-0.1545595054095827,-0.0038419319429198683
21.63,0.013455348993610991,-0.1545595054095827,-0.0038419319429198683
21.64,0.013455348993610991,-0.1545595054095827,-0.0038419319429198683
21.650000000000002,0.013455348993610991,-0.1545595054095827,-0.0038419319429198683
21.66,0.013455348993610991,-0.1545595054095827,-0.0038419319429198683
21.67,0.00859153576403786,-0.1545595054095827,-0.0038419319429198683
